year,constructor_ID,constructor_name,entries,races,points,points_per_race,avg_starting_position,avg_finish_position,avg_position_change,q3_starts,q3_rate,issues,issue_rate,podiums,wins,final_constructor_position,final_constructor_points,is_mclaren
2009,1,McLaren,34,17,71.0,4.1765,10.0882,10.4118,-0.3235,15,0.4412,9,0.2647,5,2,3,71,1
2009,2,BMW Sauber,34,17,36.0,2.1176,11.3529,11.0882,0.2647,13,0.3824,6,0.1765,2,0,6,36,0
2009,3,Williams,34,17,34.0,2.0,10.1176,10.9706,-0.8529,18,0.5294,6,0.1765,0,0,7,34,0
2009,4,Renault,34,17,26.0,1.5294,11.8824,12.4118,-0.5294,13,0.3824,7,0.2059,1,0,8,26,0
2009,5,Toro Rosso,34,17,8.0,0.4706,15.4118,14.9118,0.5,3,0.0882,14,0.4118,0,0,10,8,0
2009,6,Ferrari,34,17,70.0,4.1176,9.7353,9.7941,-0.0588,20,0.5882,6,0.1765,6,1,4,70,0
2009,7,Toyota,34,17,59.0,3.4706,10.3824,9.5588,0.8235,18,0.5294,5,0.1471,5,0,5,60,0
2009,10,Force India,34,17,13.0,0.7647,14.7647,13.9412,0.8235,6,0.1765,8,0.2353,1,0,9,13,0
2009,9,Red Bull,34,17,154.0,9.0588,5.5588,7.0294,-1.4706,31,0.9118,7,0.2059,16,6,2,154,0
2009,23,Brawn,34,17,172.0,10.1176,5.1176,4.8824,0.2353,30,0.8824,2,0.0588,15,8,1,172,0
2008,1,McLaren,36,18,151.0,8.3889,4.1389,6.5556,-2.4167,35,0.9722,5,0.1389,13,6,2,151,1
2008,2,BMW Sauber,36,18,135.0,7.5,7.4167,6.0556,1.3611,27,0.75,2,0.0556,11,1,3,135,0
2008,3,Williams,36,18,26.0,1.4444,13.5833,11.7778,1.8056,8,0.2222,4,0.1111,2,0,8,26,0
2008,4,Renault,36,18,80.0,4.4444,10.1667,10.25,-0.0833,18,0.5,12,0.3333,4,2,4,80,0
2008,5,Toro Rosso,36,18,39.0,2.1667,12.3333,12.8611,-0.5278,15,0.4167,11,0.3056,1,1,6,39,0
2008,6,Ferrari,36,18,172.0,9.5556,3.6667,6.5278,-2.8611,34,0.9444,8,0.2222,19,8,1,172,0
2008,7,Toyota,36,18,56.0,3.1111,9.3333,9.9722,-0.6389,22,0.6111,7,0.1944,2,0,5,56,0
2008,8,Super Aguri,8,4,0.0,0.0,20.75,15.625,5.125,0,0.0,3,0.375,0,0,11,0,0
2008,9,Red Bull,36,18,29.0,1.6111,11.0,11.6111,-0.6111,15,0.4167,8,0.2222,1,0,7,29,0
2008,10,Force India,36,18,0.0,0.0,18.75,16.8889,1.8611,0,0.0,18,0.5,0,0,10,0,0
2008,11,Honda,36,18,14.0,0.7778,14.7778,13.8056,0.9722,2,0.0556,9,0.25,1,0,9,14,0
2007,1,McLaren,34,17,218.0,12.8235,2.8824,3.9706,-1.0882,33,0.9706,2,0.0588,24,8,11,218,1
2007,2,BMW Sauber,34,17,101.0,5.9412,6.1471,7.7353,-1.5882,34,1.0,6,0.1765,2,0,2,101,0
2007,3,Williams,34,17,33.0,1.9412,12.6765,11.6765,1.0,11,0.3235,8,0.2353,1,0,4,33,0
2007,4,Renault,34,17,51.0,3.0,10.7647,9.5,1.2647,18,0.5294,5,0.1471,1,0,3,51,0
2007,6,Ferrari,34,17,204.0,12.0,3.8824,4.9706,-1.0882,31,0.9118,4,0.1176,22,9,1,204,0
2007,8,Super Aguri,34,17,4.0,0.2353,16.6471,15.0,1.6471,1,0.0294,10,0.2941,0,0,9,4,0
2007,9,Red Bull,34,17,24.0,1.4118,11.2059,13.4412,-2.2353,15,0.4412,14,0.4118,1,0,5,24,0
2007,7,Toyota,34,17,13.0,0.7647,10.7647,13.0294,-2.2647,20,0.5882,10,0.2941,0,0,6,13,0
2007,12,Spyker,34,17,1.0,0.0588,20.8529,17.3824,3.4706,0,0.0,16,0.4706,0,0,10,1,0
2007,11,Honda,34,17,6.0,0.3529,14.4706,13.2941,1.1765,5,0.1471,9,0.2647,0,0,8,6,0
2007,5,Toro Rosso,34,17,8.0,0.4706,16.2059,16.5,-0.2941,1,0.0294,19,0.5588,0,0,7,8,0
2006,2,BMW Sauber,36,18,36.0,2.0,10.8056,10.8611,-0.0556,19,0.5278,9,0.25,2,0,5,36,0
2006,3,Williams,36,18,11.0,0.6111,12.1111,15.0278,-2.9167,13,0.3611,20,0.5556,0,0,8,11,0
2006,4,Renault,36,18,206.0,11.4444,4.9444,4.9167,0.0278,33,0.9167,4,0.1111,19,8,1,206,0
2006,1,McLaren,36,18,110.0,6.1111,6.8889,9.5,-2.6111,29,0.8056,13,0.3611,9,0,3,110,1
2006,8,Super Aguri,36,18,0.0,0.0,20.1389,17.25,2.8889,0,0.0,19,0.5278,0,0,11,0,0
2006,6,Ferrari,36,18,201.0,11.1667,6.0556,5.25,0.8056,28,0.7778,5,0.1389,19,9,2,201,0
2006,9,Red Bull,36,18,16.0,0.8889,13.7778,13.2778,0.5,6,0.1667,13,0.3611,1,0,7,16,0
2006,7,Toyota,36,18,35.0,1.9444,10.1944,11.9444,-1.75,20,0.5556,13,0.3611,1,0,6,35,0
2006,11,Honda,36,18,86.0,4.7778,7.6944,8.7778,-1.0833,28,0.7778,7,0.1944,3,1,4,86,0
2006,5,Toro Rosso,36,18,1.0,0.0556,15.8056,13.6389,2.1667,0,0.0,10,0.2778,0,0,9,1,0
2006,13,MF1,28,14,0.0,0.0,17.7857,15.75,2.0357,0,0.0,12,0.4286,0,0,10,0,0
2006,14,Spyker MF1,8,4,0.0,0.0,19.125,17.125,2.0,0,0.0,3,0.375,0,0,12,0,0
2005,3,Williams,38,19,66.0,3.4737,9.3158,11.0263,-1.7105,0,0.0,13,0.3421,4,0,5,66,0
2005,4,Renault,38,19,191.0,10.0526,4.8421,6.1316,-1.2895,0,0.0,8,0.2105,18,8,1,191,0
2005,1,McLaren,38,19,182.0,9.5789,6.6053,6.8421,-0.2368,0,0.0,11,0.2895,18,10,2,182,1
2005,16,BAR,34,17,38.0,2.2353,8.5,11.5294,-3.0294,0,0.0,13,0.3824,2,0,6,38,0
2005,15,Sauber,38,19,20.0,1.0526,12.1842,11.2632,0.9211,0,0.0,9,0.2368,0,0,8,20,0
2005,9,Red Bull,38,19,34.0,1.7895,11.2105,11.4737,-0.2632,0,0.0,11,0.2895,0,0,7,34,0
2005,7,Toyota,38,19,88.0,4.6316,7.4474,8.2368,-0.7895,0,0.0,6,0.1579,5,0,4,88,0
2005,6,Ferrari,38,19,100.0,5.2632,9.3684,8.5,0.8684,0,0.0,8,0.2105,9,1,3,100,0
2005,18,Minardi,38,19,7.0,0.3684,17.4474,15.2895,2.1579,0,0.0,15,0.3947,0,0,10,7,0
2005,17,Jordan,38,19,12.0,0.6316,16.9211,13.8684,3.0526,0,0.0,6,0.1579,1,0,9,12,0
2004,17,Jordan,36,18,5.0,0.2778,16.3611,14.7222,1.6389,0,0.0,15,0.4167,0,0,9,5,0
2004,4,Renault,36,18,105.0,5.8333,7.4722,7.8333,-0.3611,0,0.0,8,0.2222,6,1,3,105,0
2004,1,McLaren,36,18,69.0,3.8333,8.75,10.4722,-1.7222,0,0.0,12,0.3333,4,1,5,69,1
2004,16,BAR,36,18,119.0,6.6111,6.8611,7.8333,-0.9722,0,0.0,9,0.25,11,0,2,119,0
2004,15,Sauber,36,18,34.0,1.8889,12.8611,9.7222,3.1389,0,0.0,5,0.1389,0,0,6,34,0
2004,19,Jaguar,36,18,10.0,0.5556,11.6944,12.8333,-1.1389,0,0.0,12,0.3333,0,0,7,10,0
2004,6,Ferrari,36,18,262.0,14.5556,4.25,3.3056,0.9444,0,0.0,2,0.0556,29,15,1,262,0
2004,3,Williams,36,18,88.0,4.8889,6.3889,8.7778,-2.3889,0,0.0,11,0.3056,4,1,4,88,0
2004,7,Toyota,36,18,9.0,0.5,11.8056,13.4167,-1.6111,0,0.0,12,0.3333,0,0,8,9,0
2004,18,Minardi,36,18,1.0,0.0556,18.5556,16.0833,2.4722,0,0.0,16,0.4444,0,0,10,1,0
2003,15,Sauber,32,16,19.0,1.1875,12.7812,12.125,0.6562,0,0.0,11,0.3438,1,0,6,19,0
2003,4,Renault,32,16,88.0,5.5,7.5938,9.0938,-1.5,0,0.0,10,0.3125,5,1,4,88,0
2003,1,McLaren,32,16,142.0,8.875,7.6562,7.0938,0.5625,0,0.0,8,0.25,13,2,3,142,1
2003,19,Jaguar,32,16,18.0,1.125,11.8438,12.4375,-0.5938,0,0.0,16,0.5,0,0,7,18,0
2003,16,BAR,32,16,26.0,1.625,11.8125,11.8438,-0.0312,0,0.0,14,0.4375,0,0,5,26,0
2003,17,Jordan,32,16,13.0,0.8125,15.5625,13.8125,1.75,0,0.0,17,0.5312,1,1,9,13,0
2003,6,Ferrari,32,16,158.0,9.875,3.9375,6.0938,-2.1562,0,0.0,6,0.1875,16,8,1,158,0
2003,3,Williams,32,16,144.0,9.0,5.0312,6.4375,-1.4062,0,0.0,5,0.1562,12,4,2,144,0
2003,7,Toyota,32,16,16.0,1.0,10.125,12.0,-1.875,0,0.0,12,0.375,0,0,8,16,0
2003,18,Minardi,32,16,0.0,0.0,18.6875,14.0625,4.625,0,0.0,12,0.375,0,0,10,0,0
2002,15,Sauber,34,17,11.0,0.6471,10.9118,10.6176,0.2941,0,0.0,11,0.3235,0,0,5,11,0
2002,1,McLaren,34,17,65.0,3.8235,5.6176,9.3824,-3.7647,0,0.0,15,0.4412,10,1,3,65,1
2002,17,Jordan,34,17,9.0,0.5294,12.9412,12.6471,0.2941,0,0.0,16,0.4706,0,0,6,9,0
2002,4,Renault,34,17,23.0,1.3529,9.5,10.9118,-1.4118,0,0.0,18,0.5294,0,0,4,23,0
2002,18,Minardi,32,17,2.0,0.1176,19.5625,14.9688,4.5938,0,0.0,17,0.5312,0,0,9,2,0
2002,6,Ferrari,34,17,221.0,13.0,2.3529,4.1471,-1.7941,0,0.0,5,0.1471,27,15,1,221,0
2002,3,Williams,34,17,92.0,5.4118,3.2059,7.0,-3.7941,0,0.0,9,0.2647,13,1,2,92,0
2002,16,BAR,34,17,7.0,0.4118,12.7059,12.6765,0.0294,0,0.0,19,0.5588,0,0,8,7,0
2002,19,Jaguar,34,17,8.0,0.4706,15.8824,13.0588,2.8235,0,0.0,19,0.5588,1,0,7,8,0
2002,21,Arrows,24,12,2.0,0.1667,14.5833,14.9583,-0.375,0,0.0,16,0.6667,0,0,11,2,0
2002,7,Toyota,34,17,2.0,0.1176,14.5882,13.7941,0.7941,0,0.0,16,0.4706,0,0,10,2,0
2001,15,Sauber,34,17,21.0,1.2353,10.0588,11.4412,-1.3824,0,0.0,13,0.3824,1,0,4,21,0
2001,18,Minardi,34,17,0.0,0.0,20.0,15.5,4.5,0,0.0,19,0.5588,0,0,11,0,0
2001,1,McLaren,34,17,102.0,6.0,4.6471,8.2647,-3.6176,0,0.0,12,0.3529,13,4,2,102,1
2001,17,Jordan,34,17,19.0,1.1176,8.3824,11.7647,-3.3824,0,0.0,17,0.5,0,0,5,19,0
2001,22,Benetton,34,17,10.0,0.5882,16.0588,12.6471,3.4118,0,0.0,14,0.4118,1,0,7,10,0
2001,6,Ferrari,34,17,179.0,10.5294,3.0882,4.9118,-1.8235,0,0.0,6,0.1765,24,9,1,179,0
2001,3,Williams,34,17,80.0,4.7059,4.4118,10.3529,-5.9412,0,0.0,18,0.5294,9,4,3,80,0
2001,16,BAR,34,17,17.0,1.0,11.0882,11.2059,-0.1176,0,0.0,12,0.3529,2,0,6,17,0
2001,21,Arrows,34,17,1.0,0.0588,18.2647,13.9706,4.2941,0,0.0,16,0.4706,0,0,10,1,0
2001,19,Jaguar,34,17,9.0,0.5294,13.5882,13.8824,-0.2941,0,0.0,18,0.5294,1,0,8,9,0
2001,20,Prost,34,17,4.0,0.2353,16.2647,12.5588,3.7059,0,0.0,12,0.3529,0,0,9,4,0
2000,20,Prost,33,17,0.0,0.0,16.8788,15.8788,1.0,0,0.0,23,0.697,0,0,11,0,0
2000,1,McLaren,34,17,162.0,9.5294,2.6176,5.0,-2.3824,0,0.0,6,0.1765,22,7,2,162,1
2000,17,Jordan,34,17,17.0,1.0,7.7059,13.2647,-5.5588,0,0.0,18,0.5294,2,0,6,17,0
2000,3,Williams,34,17,36.0,2.1176,10.1471,10.4412,-0.2941,0,0.0,16,0.4706,3,0,3,36,0
2000,22,Benetton,34,17,20.0,1.1765,11.7353,11.6471,0.0882,0,0.0,11,0.3235,3,0,4,20,0
2000,6,Ferrari,34,17,170.0,10.0,3.4118,5.7941,-2.3824,0,0.0,8,0.2353,21,10,1,170,0
2000,16,BAR,34,17,20.0,1.1765,11.4706,10.6471,0.8235,0,0.0,12,0.3529,0,0,5,20,0
2000,21,Arrows,34,17,7.0,0.4118,13.8824,15.2353,-1.3529,0,0.0,21,0.6176,0,0,7,7,0
2000,18,Minardi,34,17,0.0,0.0,21.0294,13.9118,7.1176,0,0.0,14,0.4118,0,0,10,0,0
2000,19,Jaguar,34,17,4.0,0.2353,12.2353,12.6176,-0.3824,0,0.0,13,0.3824,0,0,9,4,0
2000,15,Sauber,34,17,6.0,0.3529,13.9706,11.8824,2.0882,0,0.0,12,0.3529,0,0,8,6,0
1999,1,McLaren,32,16,124.0,7.75,2.5,7.75,-5.25,0,0.0,12,0.375,16,7,2,124,1
1999,20,Prost,32,16,9.0,0.5625,11.5312,12.7188,-1.1875,0,0.0,15,0.4688,1,0,7,9,0
1999,22,Benetton,32,16,16.0,1.0,11.4375,11.625,-0.1875,0,0.0,14,0.4375,1,0,6,16,0
1999,24,Stewart,32,16,36.0,2.25,8.8125,11.125,-2.3125,0,0.0,15,0.4688,4,1,4,36,0
1999,3,Williams,32,16,35.0,2.1875,11.3438,10.7188,0.625,0,0.0,15,0.4688,3,0,5,35,0
1999,6,Ferrari,32,16,128.0,8.0,5.2812,5.3438,-0.0625,0,0.0,4,0.125,17,6,1,128,0
1999,16,BAR,32,16,0.0,0.0,13.0312,14.5938,-1.5625,0,0.0,23,0.7188,0,0,11,0,0
1999,21,Arrows,32,16,1.0,0.0625,20.0625,14.9375,5.125,0,0.0,23,0.7188,0,0,9,1,0
1999,18,Minardi,32,16,1.0,0.0625,20.3438,13.8438,6.5,0,0.0,16,0.5,0,0,10,1,0
1999,17,Jordan,32,16,61.0,3.8125,7.5312,9.875,-2.3438,0,0.0,14,0.4375,6,2,3,61,0
1999,15,Sauber,32,16,5.0,0.3125,13.6875,13.9688,-0.2812,0,0.0,21,0.6562,0,0,8,5,0
1998,1,McLaren,32,16,156.0,9.75,2.4062,5.625,-3.2188,0,0.0,7,0.2188,20,9,1,156,1
1998,20,Prost,32,16,1.0,0.0625,14.375,14.0938,0.2812,0,0.0,17,0.5312,0,0,9,1,0
1998,22,Benetton,32,16,33.0,2.0625,7.9062,9.125,-1.2188,0,0.0,10,0.3125,2,0,5,33,0
1998,24,Stewart,32,16,5.0,0.3125,15.375,14.6875,0.6875,0,0.0,20,0.625,0,0,8,5,0
1998,17,Jordan,32,16,34.0,2.125,8.8438,10.9375,-2.0938,0,0.0,13,0.4062,3,1,4,34,0
1998,6,Ferrari,32,16,133.0,8.3125,4.25,5.4062,-1.1562,0,0.0,6,0.1875,19,6,2,133,0
1998,3,Williams,32,16,38.0,2.375,7.0625,8.4688,-1.4062,0,0.0,8,0.25,3,0,3,38,0
1998,15,Sauber,32,16,10.0,0.625,11.125,11.3438,-0.2188,0,0.0,14,0.4375,1,0,6,10,0
1998,21,Arrows,32,16,6.0,0.375,15.9062,16.0625,-0.1562,0,0.0,22,0.6875,0,0,7,6,0
1998,25,Tyrrell,29,16,0.0,0.0,17.3793,15.5517,1.8276,0,0.0,17,0.5862,0,0,11,0,0
1998,18,Minardi,32,16,0.0,0.0,20.0625,14.5938,5.4688,0,0.0,19,0.5938,0,0,10,0,0
1997,1,McLaren,34,17,63.0,3.7059,6.7059,10.3824,-3.6765,0,0.0,17,0.5,7,3,4,63,1
1997,18,Minardi,34,17,0.0,0.0,19.2941,15.9412,3.3529,0,0.0,18,0.5294,0,0,11,0,0
1997,17,Jordan,34,17,33.0,1.9412,8.4412,11.0,-2.5588,0,0.0,14,0.4118,3,0,5,33,0
1997,24,Stewart,34,17,6.0,0.3529,13.4706,15.7647,-2.2941,0,0.0,28,0.8235,1,0,9,6,0
1997,6,Ferrari,34,17,102.0,6.0,6.5,8.7353,-2.2353,0,0.0,11,0.3235,13,5,2,102,0
1997,3,Williams,34,17,123.0,7.2353,2.8529,7.6471,-4.7941,0,0.0,12,0.3529,15,8,1,123,0
1997,20,Prost,34,17,21.0,1.2353,12.9118,11.2059,1.7059,0,0.0,14,0.4118,2,0,6,21,0
1997,25,Tyrrell,34,17,2.0,0.1176,19.3235,13.3529,5.9706,0,0.0,18,0.5294,0,0,10,2,0
1997,22,Benetton,34,17,67.0,3.9412,8.5882,7.5,1.0882,0,0.0,6,0.1765,8,1,3,67,0
1997,21,Arrows,34,17,9.0,0.5294,14.5,14.0294,0.4706,0,0.0,19,0.5588,1,0,8,9,0
1997,15,Sauber,34,17,16.0,0.9412,12.7353,10.9412,1.7941,0,0.0,11,0.3235,1,0,7,16,0
1997,26,Lola,2,1,0.0,0.0,23.5,23.5,0.0,0,0.0,2,1.0,0,0,12,0,0
1996,1,McLaren,32,16,49.0,3.0625,7.4375,8.8125,-1.375,0,0.0,12,0.375,6,0,4,49,1
1996,18,Minardi,32,16,0.0,0.0,17.2188,14.75,2.4688,0,0.0,20,0.625,0,0,10,0,0
1996,17,Jordan,32,16,22.0,1.375,9.5938,10.2188,-0.625,0,0.0,15,0.4688,0,0,5,22,0
1996,6,Ferrari,32,16,70.0,4.375,5.25,9.875,-4.625,0,0.0,18,0.5625,9,3,2,70,0
1996,3,Williams,32,16,175.0,10.9375,2.25,4.8438,-2.5938,0,0.0,8,0.25,21,12,1,175,0
1996,27,Ligier,32,16,15.0,0.9375,14.4375,11.875,2.5625,0,0.0,17,0.5312,1,1,6,15,0
1996,15,Sauber,32,16,11.0,0.6875,11.75,11.6562,0.0938,0,0.0,19,0.5938,1,0,7,11,0
1996,29,Footwork,32,16,1.0,0.0625,16.5625,14.5,2.0625,0,0.0,20,0.625,0,0,9,1,0
1996,22,Benetton,32,16,68.0,4.25,5.3125,7.9375,-2.625,0,0.0,13,0.4062,10,0,3,68,0
1996,25,Tyrrell,32,16,5.0,0.3125,14.1562,12.6875,1.4688,0,0.0,19,0.5938,0,0,8,5,0
1996,28,Forti,20,10,0.0,0.0,21.15,18.05,3.1,0,0.0,17,0.85,0,0,11,0,0
1995,3,Williams,34,17,118.0,6.9412,2.5588,9.0882,-6.5294,0,0.0,15,0.4412,17,5,2,118,0
1995,17,Jordan,34,17,21.0,1.2353,8.5588,12.2059,-3.6471,0,0.0,18,0.5294,2,0,6,21,0
1995,22,Benetton,34,17,147.0,8.6471,5.1471,6.6765,-1.5294,0,0.0,9,0.2647,15,11,1,147,0
1995,27,Ligier,34,17,24.0,1.4118,11.6471,11.5882,0.0588,0,0.0,15,0.4412,2,0,5,24,0
1995,15,Sauber,34,17,18.0,1.0588,13.5588,11.7941,1.7647,0,0.0,13,0.3824,1,0,7,18,0
1995,31,Simtek,10,5,0.0,0.0,20.5,19.1,1.4,0,0.0,7,0.7,0,0,13,0,0
1995,6,Ferrari,34,17,73.0,4.2941,4.6176,9.6176,-5.0,0,0.0,15,0.4412,11,1,3,73,0
1995,1,McLaren,34,17,30.0,1.7647,9.6471,12.8235,-3.1765,0,0.0,16,0.4706,2,0,4,30,1
1995,25,Tyrrell,34,17,5.0,0.2941,15.0882,13.5588,1.5294,0,0.0,17,0.5,0,0,9,5,0
1995,28,Forti,34,17,0.0,0.0,22.7647,16.4706,6.2941,0,0.0,22,0.6471,0,0,11,0,0
1995,18,Minardi,34,17,1.0,0.0588,17.1176,13.9706,3.1471,0,0.0,15,0.4412,0,0,10,1,0
1995,29,Footwork,34,17,5.0,0.2941,17.7353,15.8824,1.8529,0,0.0,21,0.6176,1,0,8,5,0
1995,30,Pacific,34,17,0.0,0.0,22.3235,18.2059,4.1176,0,0.0,28,0.8235,0,0,12,0,0
1994,17,Jordan,32,16,28.0,1.75,9.4375,13.9062,-4.4688,0,0.0,19,0.5938,1,0,5,28,0
1994,22,Benetton,32,16,103.0,6.4375,6.9688,10.5,-3.5312,0,0.0,15,0.4688,12,8,2,103,0
1994,27,Ligier,32,16,13.0,0.8125,16.6562,10.8125,5.8438,0,0.0,6,0.1875,2,0,6,13,0
1994,15,Sauber,31,16,12.0,0.75,10.8065,15.871,-5.0645,0,0.0,20,0.6452,0,0,8,12,0
1994,6,Ferrari,32,16,71.0,4.4375,5.8438,11.3125,-5.4688,0,0.0,15,0.4688,11,1,3,71,0
1994,1,McLaren,32,16,42.0,2.625,8.7812,12.25,-3.4688,0,0.0,20,0.625,8,0,4,42,1
1994,32,Team Lotus,32,16,0.0,0.0,20.2188,15.0625,5.1562,0,0.0,13,0.4062,0,0,12,0,0
1994,3,Williams,31,16,118.0,7.375,3.2581,8.1935,-4.9355,0,0.0,12,0.3871,13,7,1,118,0
1994,25,Tyrrell,32,16,13.0,0.8125,11.9062,14.7812,-2.875,0,0.0,22,0.6875,1,0,7,13,0
1994,29,Footwork,32,16,9.0,0.5625,15.125,14.4375,0.6875,0,0.0,20,0.625,0,0,9,9,0
1994,30,Pacific,32,16,0.0,0.0,6.3125,25.7188,-19.4062,0,0.0,32,1.0,0,0,14,0,0
1994,18,Minardi,32,16,5.0,0.3125,16.9688,14.6875,2.2812,0,0.0,17,0.5312,0,0,10,5,0
1994,33,Larrousse,32,16,2.0,0.125,21.1562,16.875,4.2812,0,0.0,20,0.625,0,0,11,2,0
1994,31,Simtek,30,16,0.0,0.0,23.2667,16.9333,6.3333,0,0.0,18,0.6,0,0,13,0,0
1993,17,Jordan,32,16,3.0,0.1875,17.5312,16.7812,0.75,0,0.0,19,0.5938,0,0,11,3,0
1993,22,Benetton,32,16,72.0,4.5,5.6875,9.9375,-4.25,0,0.0,15,0.4688,11,1,3,72,0
1993,6,Ferrari,32,16,28.0,1.75,8.4375,13.0938,-4.6562,0,0.0,19,0.5938,3,0,4,28,0
1993,32,Team Lotus,32,16,12.0,0.75,16.4062,14.2188,2.1875,0,0.0,21,0.6562,0,0,6,12,0
1993,26,Lola,28,14,0.0,0.0,18.1071,18.0,0.1071,0,0.0,18,0.6429,0,0,12,0,0
1993,3,Williams,32,16,168.0,10.5,1.8125,5.5,-3.6875,0,0.0,7,0.2188,22,10,1,168,0
1993,25,Tyrrell,32,16,0.0,0.0,20.8125,17.9375,2.875,0,0.0,22,0.6875,0,0,13,0,0
1993,27,Ligier,32,16,23.0,1.4375,11.625,11.8438,-0.2188,0,0.0,15,0.4688,3,0,5,23,0
1993,29,Footwork,32,16,4.0,0.25,13.5938,14.9375,-1.3438,0,0.0,19,0.5938,0,0,9,4,0
1993,15,Sauber,32,16,12.0,0.75,11.5312,13.7188,-2.1875,0,0.0,20,0.625,0,0,7,12,0
1993,33,Larrousse,32,16,3.0,0.1875,16.9062,13.4688,3.4375,0,0.0,13,0.4062,0,0,10,3,0
1993,1,McLaren,32,16,84.0,5.25,6.1875,11.5312,-5.3438,0,0.0,15,0.4688,9,5,2,84,1
1993,18,Minardi,32,16,7.0,0.4375,20.1875,13.5938,6.5938,0,0.0,16,0.5,0,0,8,7,0
1992,22,Benetton,32,16,91.0,5.6875,6.0312,8.0,-1.9688,0,0.0,9,0.2812,13,1,3,91,0
1992,6,Ferrari,32,16,21.0,1.3125,9.1875,14.6562,-5.4688,0,0.0,21,0.6562,2,0,4,21,0
1992,32,Team Lotus,32,16,13.0,0.8125,12.7812,15.0,-2.2188,0,0.0,19,0.5938,0,0,5,13,0
1992,1,McLaren,32,16,99.0,6.1875,3.6875,10.4062,-6.7188,0,0.0,14,0.4375,12,5,2,99,1
1992,33,Larrousse,32,16,1.0,0.0625,17.5312,17.875,-0.3438,0,0.0,24,0.75,0,0,13,1,0
1992,18,Minardi,32,16,1.0,0.0625,15.9062,17.5625,-1.6562,0,0.0,18,0.5625,0,0,12,1,0
1992,29,Footwork,32,16,6.0,0.375,14.8125,12.6875,2.125,0,0.0,9,0.2812,0,0,7,6,0
1992,37,March,32,16,3.0,0.1875,15.2188,17.3438,-2.125,0,0.0,17,0.5312,0,0,9,3,0
1992,35,Dallara,32,16,2.0,0.125,17.4688,13.4375,4.0312,0,0.0,15,0.4688,0,0,10,2,0
1992,3,Williams,32,16,164.0,10.25,1.8438,6.4688,-4.625,0,0.0,10,0.3125,21,10,1,164,0
1992,36,Fondmetal,26,13,0.0,0.0,13.7692,21.8077,-8.0385,0,0.0,24,0.9231,0,0,14,0,0
1992,27,Ligier,32,16,6.0,0.375,12.9688,14.125,-1.1562,0,0.0,17,0.5312,0,0,8,6,0
1992,25,Tyrrell,32,16,8.0,0.5,16.1875,15.7188,0.4688,0,0.0,21,0.6562,0,0,6,8,0
1992,17,Jordan,32,16,1.0,0.0625,17.4062,18.9688,-1.5625,0,0.0,23,0.7188,0,0,11,1,0
1992,34,Brabham,21,11,0.0,0.0,3.6667,26.9048,-23.2381,0,0.0,18,0.8571,0,0,15,0,0
1992,38,Andrea Moda,15,8,0.0,0.0,1.7333,30.1333,-28.4,0,0.0,15,1.0,0,0,,,0
1991,6,Ferrari,32,16,55.0,3.4375,5.4375,11.7812,-6.3438,0,0.0,16,0.5,8,0,3,56,0
1991,32,Team Lotus,32,16,3.0,0.1875,16.6562,18.2188,-1.5625,0,0.0,19,0.5938,0,0,9,3,0
1991,1,McLaren,32,16,139.0,8.6875,2.875,7.4688,-4.5938,0,0.0,10,0.3125,18,8,1,139,1
1991,40,Lambo,32,16,0.0,0.0,4.0,28.125,-24.125,0,0.0,29,0.9062,0,0,15,0,0
1991,18,Minardi,32,16,6.0,0.375,15.0312,14.6875,0.3438,0,0.0,18,0.5625,0,0,7,6,0
1991,34,Brabham,32,16,3.0,0.1875,15.0312,16.6875,-1.6562,0,0.0,18,0.5625,0,0,10,3,0
1991,33,Larrousse,6,3,1.0,0.3333,11.3333,22.1667,-10.8333,0,0.0,5,0.8333,0,0,13,1,0
1991,22,Benetton,32,16,39.0,2.4375,8.4062,10.5938,-2.1875,0,0.0,12,0.375,3,1,4,38,0
1991,17,Jordan,32,16,13.0,0.8125,13.375,13.1875,0.1875,0,0.0,16,0.5,0,0,5,13,0
1991,3,Williams,32,16,125.0,7.8125,3.2188,8.3125,-5.0938,0,0.0,12,0.375,17,7,2,125,0
1991,39,AGS,28,14,0.0,0.0,2.5,28.7143,-26.2143,0,0.0,27,0.9643,0,0,16,0,0
1991,27,Ligier,32,16,0.0,0.0,18.5625,15.4375,3.125,0,0.0,15,0.4688,0,0,14,0,0
1991,29,Footwork,32,16,0.0,0.0,8.75,24.875,-16.125,0,0.0,28,0.875,0,0,18,0,0
1991,35,Dallara,32,16,5.0,0.3125,13.7188,16.625,-2.9062,0,0.0,18,0.5625,1,0,8,5,0
1991,41,Leyton House,32,16,1.0,0.0625,15.0938,16.9375,-1.8438,0,0.0,22,0.6875,0,0,11,1,0
1991,36,Fondmetal,16,16,0.0,0.0,8.5625,25.125,-16.5625,0,0.0,13,0.8125,0,0,17,0,0
1991,25,Tyrrell,32,16,12.0,0.75,12.7812,14.5938,-1.8125,0,0.0,16,0.5,1,0,6,12,0
1991,42,Coloni,15,15,0.0,0.0,0.0,33.4,-33.4,0,0.0,15,1.0,0,0,19,0,0
1991,26,Lola,26,13,1.0,0.0769,17.2308,21.1923,-3.9615,0,0.0,24,0.9231,0,0,12,1,0
1990,25,Tyrrell,32,16,16.0,1.0,9.9375,15.0312,-5.0938,0,0.0,18,0.5625,2,0,5,16,0
1990,1,McLaren,32,16,121.0,7.5625,2.2812,7.25,-4.9688,0,0.0,10,0.3125,18,6,1,121,1
1990,27,Ligier,32,16,0.0,0.0,18.0625,14.5,3.5625,0,0.0,10,0.3125,0,0,11,0,0
1990,35,Dallara,32,16,0.0,0.0,16.3438,20.125,-3.7812,0,0.0,26,0.8125,0,0,15,0,0
1990,33,Larrousse,32,16,11.0,0.6875,15.4688,14.875,0.5938,0,0.0,20,0.625,1,0,6,11,0
1990,44,Euro Brun,28,14,0.0,0.0,1.4286,31.0357,-29.6071,0,0.0,27,0.9643,0,0,17,0,0
1990,42,Coloni,16,16,0.0,0.0,0.0,32.0,-32.0,0,0.0,16,1.0,0,0,18,0,0
1990,18,Minardi,32,16,0.0,0.0,12.2812,18.9688,-6.6875,0,0.0,21,0.6562,0,0,12,0,0
1990,6,Ferrari,32,16,110.0,6.875,4.5938,8.5625,-3.9688,0,0.0,13,0.4062,14,6,2,110,0
1990,39,AGS,32,16,0.0,0.0,6.9062,26.5625,-19.6562,0,0.0,29,0.9062,0,0,14,0,0
1990,21,Arrows,32,16,2.0,0.125,16.5938,16.375,0.2188,0,0.0,16,0.5,0,0,9,2,0
1990,46,Onyx,20,10,0.0,0.0,11.85,21.7,-9.85,0,0.0,18,0.9,0,0,13,0,0
1990,32,Team Lotus,32,16,3.0,0.1875,14.4062,15.0,-0.5938,0,0.0,20,0.625,0,0,8,3,0
1990,3,Williams,32,16,57.0,3.5625,5.6875,9.8125,-4.125,0,0.0,11,0.3438,4,2,4,57,0
1990,41,Leyton House,32,16,7.0,0.4375,12.3438,17.9688,-5.625,0,0.0,23,0.7188,1,0,7,7,0
1990,45,Osella,16,16,0.0,0.0,10.9375,22.0,-11.0625,0,0.0,12,0.75,0,0,16,0,0
1990,34,Brabham,32,16,2.0,0.125,15.4688,20.0312,-4.5625,0,0.0,25,0.7812,0,0,10,2,0
1990,22,Benetton,32,16,71.0,4.4375,9.125,8.3125,0.8125,0,0.0,9,0.2812,8,2,3,71,0
1990,47,Life,14,14,0.0,0.0,0.0,34.2143,-34.2143,0,0.0,14,1.0,0,0,19,0,0
2010,1,McLaren,38,19,454.0,23.8947,6.0,6.3947,-0.3947,32,0.8421,6,0.1579,16,5,2,454,1
2010,131,Mercedes,38,19,214.0,11.2632,8.6579,9.1579,-0.5,29,0.7632,5,0.1316,3,0,4,214,0
2010,6,Ferrari,38,19,396.0,20.8421,6.7632,6.6316,0.1316,32,0.8421,3,0.0789,15,5,3,396,0
2010,205,Lotus,38,19,0.0,0.0,18.8684,18.1316,0.7368,0,0.0,17,0.4474,0,0,10,0,0
2010,4,Renault,38,19,163.0,8.5789,10.5526,10.9737,-0.4211,23,0.6053,9,0.2368,3,0,5,163,0
2010,166,Virgin,38,19,0.0,0.0,21.1316,19.0526,2.0789,0,0.0,17,0.4474,0,0,12,0,0
2010,10,Force India,38,19,68.0,3.5789,13.6053,13.3421,0.2632,9,0.2368,11,0.2895,0,0,7,68,0
2010,9,Red Bull,38,19,498.0,26.2105,2.3684,6.0263,-3.6579,38,1.0,5,0.1316,20,9,1,498,0
2010,3,Williams,38,19,69.0,3.6316,10.3158,12.5526,-2.2368,21,0.5526,6,0.1579,0,0,6,69,0
2010,15,Sauber,38,19,44.0,2.3158,14.0526,15.0789,-1.0263,6,0.1579,16,0.4211,0,0,8,44,0
2010,5,Toro Rosso,38,19,13.0,0.6842,15.0263,13.7105,1.3158,0,0.0,8,0.2105,0,0,9,13,0
2010,164,HRT,38,19,0.0,0.0,22.6579,18.9474,3.7105,0,0.0,15,0.3947,0,0,11,0,0
1989,22,Benetton,32,16,39.0,2.4375,12.75,12.5,0.25,0,0.0,13,0.4062,4,1,4,39,0
1989,6,Ferrari,30,16,59.0,3.6875,4.7333,13.6,-8.8667,0,0.0,21,0.7,9,3,3,59,0
1989,45,Osella,32,16,0.0,0.0,5.9062,28.4375,-22.5312,0,0.0,32,1.0,0,0,17,0,0
1989,34,Brabham,32,16,8.0,0.5,11.125,15.5,-4.375,0,0.0,20,0.625,1,0,9,8,0
1989,49,Zakspeed,31,16,0.0,0.0,1.4839,35.0323,-33.5484,0,0.0,31,1.0,0,0,19,0,0
1989,42,Coloni,32,16,0.0,0.0,3.3438,32.6875,-29.3438,0,0.0,32,1.0,0,0,18,0,0
1989,46,Onyx,32,16,6.0,0.375,8.6875,24.1562,-15.4688,0,0.0,28,0.875,1,0,10,6,0
1989,18,Minardi,32,16,6.0,0.375,13.8438,17.2812,-3.4375,0,0.0,22,0.6875,0,0,11,6,0
1989,1,McLaren,32,16,141.0,8.8125,1.875,7.3125,-5.4375,0,0.0,11,0.3438,18,10,1,141,1
1989,25,Tyrrell,32,16,16.0,1.0,14.5938,14.5312,0.0625,0,0.0,16,0.5,1,0,5,16,0
1989,35,Dallara,32,16,8.0,0.5,13.125,15.1562,-2.0312,0,0.0,17,0.5312,1,0,8,8,0
1989,33,Larrousse,32,16,1.0,0.0625,11.375,21.5,-10.125,0,0.0,27,0.8438,0,0,16,1,0
1989,21,Arrows,32,16,13.0,0.8125,16.625,13.0625,3.5625,0,0.0,16,0.5,1,0,7,13,0
1989,3,Williams,32,16,77.0,4.8125,6.3438,9.75,-3.4062,0,0.0,12,0.375,11,2,2,77,0
1989,37,March,32,16,4.0,0.25,15.2812,16.9375,-1.6562,0,0.0,25,0.7812,1,0,12,4,0
1989,27,Ligier,32,16,3.0,0.1875,13.3438,19.5625,-6.2188,0,0.0,21,0.6562,0,0,14,3,0
1989,32,Team Lotus,32,16,15.0,0.9375,14.9375,14.5,0.4375,0,0.0,20,0.625,0,0,6,15,0
1989,44,Euro Brun,16,16,0.0,0.0,0.0,34.6875,-34.6875,0,0.0,16,1.0,0,0,20,0,0
1989,48,Rial,32,16,3.0,0.1875,2.7812,28.4375,-25.6562,0,0.0,28,0.875,0,0,13,3,0
1989,39,AGS,31,16,1.0,0.0625,3.8065,30.7419,-26.9355,0,0.0,29,0.9355,0,0,15,1,0
1988,6,Ferrari,32,16,65.0,4.0625,5.125,10.5312,-5.4062,0,0.0,13,0.4062,8,1,2,65,0
1988,45,Osella,16,16,0.0,0.0,14.0625,23.1875,-9.125,0,0.0,14,0.875,0,0,16,0,0
1988,3,Williams,32,16,20.0,1.25,9.1562,14.4688,-5.3125,0,0.0,20,0.625,2,0,7,20,0
1988,42,Coloni,16,16,0.0,0.0,11.4375,22.625,-11.1875,0,0.0,12,0.75,0,0,14,0,0
1988,1,McLaren,32,16,199.0,12.4375,1.875,3.7188,-1.8438,0,0.0,5,0.1562,25,15,1,199,1
1988,48,Rial,16,16,3.0,0.1875,15.25,16.375,-1.125,0,0.0,13,0.8125,0,0,9,3,0
1988,33,Larrousse,32,16,0.0,0.0,17.5312,15.5938,1.9375,0,0.0,17,0.5312,0,0,11,0,0
1988,21,Arrows,32,16,23.0,1.4375,11.7188,12.0938,-0.375,0,0.0,14,0.4375,1,0,5,23,0
1988,37,March,32,16,22.0,1.375,10.7812,13.4688,-2.6875,0,0.0,15,0.4688,2,0,6,22,0
1988,22,Benetton,32,16,39.0,2.4375,7.8438,10.3125,-2.4688,0,0.0,11,0.3438,7,0,3,39,0
1988,44,Euro Brun,32,16,0.0,0.0,12.9688,22.5625,-9.5938,0,0.0,25,0.7812,0,0,17,0,0
1988,35,Dallara,16,16,0.0,0.0,15.75,18.125,-2.375,0,0.0,9,0.5625,0,0,12,0,0
1988,32,Team Lotus,32,16,23.0,1.4375,8.375,13.6875,-5.3125,0,0.0,15,0.4688,3,0,4,23,0
1988,27,Ligier,32,16,0.0,0.0,16.2188,20.5625,-4.3438,0,0.0,25,0.7812,0,0,15,0,0
1988,25,Tyrrell,32,16,5.0,0.3125,13.0,20.3125,-7.3125,0,0.0,23,0.7188,0,0,8,5,0
1988,49,Zakspeed,31,16,0.0,0.0,9.6774,23.7419,-14.0645,0,0.0,28,0.9032,0,0,18,0,0
1988,18,Minardi,32,16,1.0,0.0625,15.0,18.1875,-3.1875,0,0.0,19,0.5938,0,0,10,1,0
1988,39,AGS,16,16,0.0,0.0,16.5625,16.75,-0.1875,0,0.0,11,0.6875,0,0,13,0,0
1987,6,Ferrari,32,16,53.0,3.3125,5.5,12.75,-7.25,0,0.0,21,0.6562,6,2,4,53,0
1987,49,Zakspeed,32,16,2.0,0.125,17.25,16.0625,1.1875,0,0.0,23,0.7188,0,0,10,2,0
1987,3,Williams,32,16,137.0,8.5625,2.0938,7.3125,-5.2188,0,0.0,11,0.3438,18,9,1,137,0
1987,32,Team Lotus,32,16,64.0,4.0,9.5,9.2812,0.2188,0,0.0,11,0.3438,8,2,3,64,0
1987,34,Brabham,32,16,10.0,0.625,10.7188,17.2812,-6.5625,0,0.0,25,0.7812,2,0,8,10,0
1987,1,McLaren,32,16,76.0,4.75,7.0625,8.6562,-1.5938,0,0.0,11,0.3438,12,3,2,76,1
1987,21,Arrows,32,16,11.0,0.6875,11.375,13.8438,-2.4688,0,0.0,22,0.6875,0,0,7,11,0
1987,37,March,16,16,1.0,0.0625,21.6875,15.875,5.8125,0,0.0,10,0.625,0,0,13,1,0
1987,22,Benetton,32,16,28.0,1.75,6.8438,11.9062,-5.0625,0,0.0,18,0.5625,2,0,5,28,0
1987,45,Osella,19,16,0.0,0.0,21.4737,19.6316,1.8421,0,0.0,19,1.0,0,0,15,0,0
1987,18,Minardi,32,16,0.0,0.0,17.4062,19.4062,-2.0,0,0.0,29,0.9062,0,0,14,0,0
1987,25,Tyrrell,32,16,11.0,0.6875,20.6562,11.5,9.1562,0,0.0,8,0.25,0,0,6,11,0
1987,39,AGS,14,14,1.0,0.0714,23.2143,14.6429,8.5714,0,0.0,5,0.3571,0,0,12,1,0
1987,33,Larrousse,18,15,3.0,0.2,20.3889,13.5556,6.8333,0,0.0,9,0.5,0,0,9,3,0
1987,27,Ligier,30,15,1.0,0.0667,18.1,15.9667,2.1333,0,0.0,19,0.6333,0,0,11,1,0
1987,42,Coloni,2,2,0.0,0.0,13.0,26.5,-13.5,0,0.0,2,1.0,0,0,16,0,0
1986,22,Benetton,32,16,19.0,1.1875,7.9375,13.5312,-5.5938,0,0.0,19,0.5938,2,1,6,19,0
1986,25,Tyrrell,32,16,11.0,0.6875,16.6875,12.5312,4.1562,0,0.0,15,0.4688,0,0,7,11,0
1986,3,Williams,32,16,141.0,8.8125,3.3125,5.9375,-2.625,0,0.0,8,0.25,19,9,1,141,0
1986,32,Team Lotus,32,16,58.0,3.625,7.5,11.8438,-4.3438,0,0.0,17,0.5312,8,2,3,58,0
1986,6,Ferrari,32,16,37.0,2.3125,10.5625,11.5625,-1.0,0,0.0,18,0.5625,5,0,4,37,0
1986,18,Minardi,31,16,0.0,0.0,20.0645,19.129,0.9355,0,0.0,29,0.9355,0,0,12,0,0
1986,1,McLaren,32,16,96.0,6.0,5.375,8.7188,-3.3438,0,0.0,15,0.4688,12,4,2,96,1
1986,34,Brabham,31,16,2.0,0.125,12.5161,15.2581,-2.7419,0,0.0,23,0.7419,0,0,9,2,0
1986,21,Arrows,31,16,1.0,0.0625,18.3226,12.4194,5.9032,0,0.0,17,0.5484,0,0,10,1,0
1986,49,Zakspeed,29,16,0.0,0.0,21.2414,16.6552,4.5862,0,0.0,20,0.6897,0,0,11,0,0
1986,45,Osella,32,16,0.0,0.0,23.25,19.7812,3.4688,0,0.0,28,0.875,0,0,13,0,0
1986,27,Ligier,32,16,29.0,1.8125,9.4062,10.4688,-1.0625,0,0.0,14,0.4375,2,0,5,29,0
1986,26,Lola,32,16,6.0,0.375,14.6562,16.1875,-1.5312,0,0.0,24,0.75,0,0,8,6,0
1986,39,AGS,2,2,0.0,0.0,25.0,21.0,4.0,0,0.0,2,1.0,0,0,14,0,0
1985,21,Arrows,32,16,14.0,0.875,13.0625,11.0938,1.9688,0,0.0,11,0.3438,1,0,8,14,0
1985,25,Tyrrell,30,16,7.0,0.4375,19.8333,11.8,8.0333,0,0.0,13,0.4333,0,0,9,7,0
1985,18,Minardi,15,15,0.0,0.0,23.8,17.2667,6.5333,0,0.0,13,0.8667,0,0,11,0,0
1985,3,Williams,32,16,71.0,4.4375,4.6875,10.8438,-6.1562,0,0.0,15,0.4688,8,4,3,71,0
1985,32,Team Lotus,32,16,71.0,4.4375,4.875,8.4688,-3.5938,0,0.0,14,0.4375,9,3,4,71,0
1985,6,Ferrari,32,16,82.0,5.125,8.9062,9.1562,-0.25,0,0.0,13,0.4062,10,2,2,82,0
1985,27,Ligier,30,15,23.0,1.5333,15.0333,13.0,2.0333,0,0.0,16,0.5333,4,0,6,23,0
1985,50,RAM,25,14,0.0,0.0,19.2,19.0,0.2,0,0.0,22,0.88,0,0,13,0,0
1985,1,McLaren,31,16,90.0,5.625,7.6129,8.4839,-0.871,0,0.0,15,0.4839,12,6,1,90,1
1985,4,Renault,31,15,16.0,1.0667,11.5484,13.3226,-1.7742,0,0.0,18,0.5806,2,0,7,16,0
1985,51,Alfa Romeo,32,16,0.0,0.0,14.4688,16.9375,-2.4688,0,0.0,24,0.75,0,0,12,0,0
1985,34,Brabham,32,16,26.0,1.625,9.0625,13.5938,-4.5312,0,0.0,19,0.5938,2,1,5,26,0
1985,45,Osella,15,15,0.0,0.0,21.9333,15.5333,6.4,0,0.0,10,0.6667,0,0,10,0,0
1985,52,Spirit,3,3,0.0,0.0,26.3333,21.0,5.3333,0,0.0,3,1.0,0,0,16,0,0
1985,49,Zakspeed,10,10,0.0,0.0,22.4,21.0,1.4,0,0.0,9,0.9,0,0,14,0,0
1985,53,Toleman,20,13,0.0,0.0,13.3,19.0,-5.7,0,0.0,19,0.95,0,0,15,0,0
1985,26,Lola,4,4,0.0,0.0,21.0,21.5,-0.5,0,0.0,4,1.0,0,0,17,0,0
1984,25,Tyrrell,26,13,0.0,0.0,17.4231,16.3462,1.0769,0,0.0,26,1.0,0,0,15,0,0
1984,32,Team Lotus,32,16,47.0,2.9375,6.5625,10.5625,-4.0,0,0.0,17,0.5312,6,0,3,47,0
1984,53,Toleman,29,16,16.0,1.0,12.4828,16.3103,-3.8276,0,0.0,20,0.6897,3,0,7,16,0
1984,6,Ferrari,32,16,57.0,3.5625,8.75,10.375,-1.625,0,0.0,14,0.4375,8,1,2,58,0
1984,27,Ligier,31,16,3.0,0.1875,16.7097,15.1613,1.5484,0,0.0,20,0.6452,0,0,10,3,0
1984,50,RAM,31,16,0.0,0.0,21.6129,18.0968,3.5161,0,0.0,22,0.7097,0,0,14,0,0
1984,1,McLaren,32,16,143.0,8.9375,5.3438,6.6875,-1.3438,0,0.0,11,0.3438,18,12,1,144,1
1984,4,Renault,32,16,34.0,2.125,6.5938,11.7188,-5.125,0,0.0,22,0.6875,5,0,5,34,0
1984,51,Alfa Romeo,32,16,11.0,0.6875,13.375,15.25,-1.875,0,0.0,25,0.7812,1,0,8,11,0
1984,21,Arrows,32,16,6.0,0.375,16.8125,15.2812,1.5312,0,0.0,21,0.6562,0,0,9,6,0
1984,34,Brabham,32,16,38.0,2.375,8.0938,12.1562,-4.0625,0,0.0,20,0.625,5,2,4,38,0
1984,45,Osella,24,16,2.0,0.125,20.375,17.5,2.875,0,0.0,18,0.75,0,0,11,2,0
1984,3,Williams,32,16,26.0,1.625,11.25,15.1562,-3.9062,0,0.0,23,0.7188,2,1,6,26,0
1984,54,ATS,17,16,0.0,0.0,13.2941,17.2353,-3.9412,0,0.0,13,0.7647,0,0,12,0,0
1984,52,Spirit,16,16,0.0,0.0,21.0,15.25,5.75,0,0.0,10,0.625,0,0,13,0,0
1983,32,Team Lotus,30,15,12.0,0.8,10.8667,16.0333,-5.1667,0,0.0,21,0.7,1,0,8,12,0
1983,25,Tyrrell,30,15,12.0,0.8,18.1333,14.8667,3.2667,0,0.0,16,0.5333,1,1,7,12,0
1983,51,Alfa Romeo,30,15,18.0,1.2,10.8667,15.1667,-4.3,0,0.0,20,0.6667,2,0,6,18,0
1983,4,Renault,30,15,79.0,5.2667,6.0667,9.4667,-3.4,0,0.0,11,0.3667,11,4,2,79,0
1983,53,Toleman,30,15,10.0,0.6667,11.5,15.0,-3.5,0,0.0,20,0.6667,0,0,9,10,0
1983,34,Brabham,30,15,72.0,4.8,5.7333,10.9,-5.1667,0,0.0,16,0.5333,10,4,3,72,0
1983,45,Osella,30,15,0.0,0.0,13.2333,22.4333,-9.2,0,0.0,28,0.9333,0,0,15,0,0
1983,6,Ferrari,30,15,89.0,5.9333,3.1667,8.7333,-5.5667,0,0.0,10,0.3333,12,4,1,89,0
1983,3,Williams,31,15,38.0,2.5333,12.4839,11.2258,1.2581,0,0.0,11,0.3548,3,1,4,38,0
1983,21,Arrows,30,15,4.0,0.2667,17.0,11.9333,5.0667,0,0.0,9,0.3,0,0,10,4,0
1983,54,ATS,15,15,0.0,0.0,11.6,17.4,-5.8,0,0.0,11,0.7333,0,0,14,0,0
1983,1,McLaren,30,15,34.0,2.2667,15.8,13.8,2.0,0,0.0,18,0.6,5,1,5,34,1
1983,55,Theodore,27,14,1.0,0.0714,16.5556,18.037,-1.4815,0,0.0,17,0.6296,0,0,11,1,0
1983,50,RAM,15,14,0.0,0.0,5.0,25.4667,-20.4667,0,0.0,13,0.8667,0,0,16,0,0
1983,27,Ligier,30,15,0.0,0.0,19.1667,16.0333,3.1333,0,0.0,18,0.6,0,0,12,0,0
1983,52,Spirit,6,6,0.0,0.0,16.0,16.8333,-0.8333,0,0.0,3,0.5,0,0,13,0,0
1982,32,Team Lotus,30,15,30.0,2.0,14.2667,12.6333,1.6333,0,0.0,15,0.5,2,1,6,30,0
1982,25,Tyrrell,32,16,25.0,1.5625,14.9688,10.5938,4.375,0,0.0,12,0.375,2,1,7,25,0
1982,51,Alfa Romeo,32,16,7.0,0.4375,9.3125,14.8438,-5.5312,0,0.0,21,0.6562,1,0,9,7,0
1982,4,Renault,32,16,62.0,3.875,3.125,12.0312,-8.9062,0,0.0,21,0.6562,8,4,3,62,0
1982,53,Toleman,28,14,0.0,0.0,10.3214,22.5357,-12.2143,0,0.0,26,0.9286,0,0,16,0,0
1982,34,Brabham,30,15,41.0,2.7333,5.9,14.3667,-8.4667,0,0.0,21,0.7,5,2,5,41,0
1982,27,Ligier,30,15,20.0,1.3333,15.5333,15.1333,0.4,0,0.0,21,0.7,4,0,8,20,0
1982,3,Williams,30,15,58.0,3.8667,8.6667,8.4667,0.2,0,0.0,12,0.4,7,1,4,58,0
1982,54,ATS,32,16,4.0,0.25,15.5625,18.3125,-2.75,0,0.0,23,0.7188,0,0,11,4,0
1982,1,McLaren,29,15,69.0,4.6,9.7586,8.8276,0.931,0,0.0,12,0.4138,8,4,2,69,1
1982,21,Arrows,30,15,5.0,0.3333,16.6,14.9,1.7,0,0.0,14,0.4667,0,0,10,5,0
1982,56,Fittipaldi,14,14,1.0,0.0714,15.0,19.1429,-4.1429,0,0.0,8,0.5714,0,0,13,1,0
1982,57,Ensign,15,15,0.0,0.0,10.5333,22.5333,-12.0,0,0.0,14,0.9333,0,0,15,0,0
1982,37,March,35,15,0.0,0.0,14.2,20.0857,-5.8857,0,0.0,24,0.6857,0,0,14,0,0
1982,45,Osella,24,16,3.0,0.1875,13.25,21.9583,-8.7083,0,0.0,21,0.875,0,0,12,3,0
1982,6,Ferrari,27,16,74.0,4.625,4.6667,10.9259,-6.2593,0,0.0,11,0.4074,11,3,1,74,0
1982,55,Theodore,15,15,0.0,0.0,11.2667,23.3333,-12.0667,0,0.0,14,0.9333,0,0,17,0,0
1981,32,Team Lotus,30,15,22.0,1.4667,9.9667,13.4333,-3.4667,0,0.0,15,0.5,1,0,7,22,0
1981,1,McLaren,30,15,28.0,1.8667,11.2333,12.3333,-1.1,0,0.0,15,0.5,4,1,6,28,1
1981,4,Renault,30,15,54.0,3.6,5.5667,12.6333,-7.0667,0,0.0,17,0.5667,7,3,3,54,0
1981,21,Arrows,30,15,10.0,0.6667,11.1,17.7,-6.6,0,0.0,22,0.7333,2,0,8,10,0
1981,54,ATS,16,15,1.0,0.0667,12.6875,19.4375,-6.75,0,0.0,12,0.75,0,0,13,1,0
1981,34,Brabham,30,15,61.0,4.0667,8.3667,10.4667,-2.1,0,0.0,15,0.5,7,3,2,61,0
1981,51,Alfa Romeo,30,15,10.0,0.6667,12.2333,12.0667,0.1667,0,0.0,16,0.5333,1,0,9,10,0
1981,25,Tyrrell,30,15,10.0,0.6667,16.1,15.0333,1.0667,0,0.0,19,0.6333,0,0,10,10,0
1981,27,Ligier,30,15,44.0,2.9333,11.1667,13.6667,-2.5,0,0.0,20,0.6667,7,2,4,44,0
1981,55,Theodore,15,15,1.0,0.0667,16.6667,14.2,2.4667,0,0.0,7,0.4667,0,0,12,1,0
1981,57,Ensign,16,15,5.0,0.3333,18.3125,15.25,3.0625,0,0.0,10,0.625,0,0,11,5,0
1981,56,Fittipaldi,28,14,0.0,0.0,9.0357,21.0,-11.9643,0,0.0,23,0.8214,0,0,15,0,0
1981,3,Williams,30,15,95.0,6.3333,4.1333,7.4667,-3.3333,0,0.0,7,0.2333,13,4,1,95,0
1981,37,March,20,15,0.0,0.0,9.0,21.55,-12.55,0,0.0,16,0.8,0,0,14,0,0
1981,6,Ferrari,30,15,34.0,2.2667,8.8333,13.2667,-4.4333,0,0.0,16,0.5333,3,2,5,34,0
1981,45,Osella,30,15,0.0,0.0,8.1,22.4667,-14.3667,0,0.0,25,0.8333,0,0,16,0,0
1981,53,Toleman,24,12,0.0,0.0,1.875,27.0,-25.125,0,0.0,23,0.9583,0,0,17,0,0
1980,1,McLaren,28,14,11.0,0.7857,13.1429,13.5714,-0.4286,0,0.0,15,0.5357,0,0,9,11,1
1980,21,Arrows,29,14,11.0,0.7857,13.1379,14.2414,-1.1034,0,0.0,14,0.4828,1,0,7,11,0
1980,54,ATS,18,14,0.0,0.0,10.4444,17.3333,-6.8889,0,0.0,13,0.7222,0,0,12,0,0
1980,34,Brabham,28,14,55.0,3.9286,9.5,11.6071,-2.1071,0,0.0,12,0.4286,6,3,3,55,0
1980,58,Shadow,14,7,0.0,0.0,1.7143,24.8571,-23.1429,0,0.0,14,1.0,0,0,15,0,0
1980,51,Alfa Romeo,26,14,4.0,0.2857,11.0769,16.4231,-5.3462,0,0.0,23,0.8846,0,0,11,4,0
1980,45,Osella,14,14,0.0,0.0,13.2143,20.6429,-7.4286,0,0.0,13,0.9286,0,0,14,0,0
1980,4,Renault,27,14,38.0,2.7143,7.0741,12.7037,-5.6296,0,0.0,16,0.5926,4,3,4,38,0
1980,27,Ligier,28,14,66.0,4.7143,6.2857,9.25,-2.9643,0,0.0,11,0.3929,10,2,2,66,0
1980,32,Team Lotus,31,14,14.0,1.0,12.4194,14.9677,-2.5484,0,0.0,22,0.7097,1,0,5,14,0
1980,56,Fittipaldi,28,14,11.0,0.7857,15.9286,14.6429,1.2857,0,0.0,15,0.5357,2,0,8,11,0
1980,3,Williams,38,14,120.0,8.5714,5.1053,9.9211,-4.8158,0,0.0,12,0.3158,18,6,1,120,0
1980,25,Tyrrell,30,14,12.0,0.8571,15.8667,14.1667,1.7,0,0.0,15,0.5,0,0,6,12,0
1980,6,Ferrari,28,14,8.0,0.5714,13.6429,12.25,1.3929,0,0.0,12,0.4286,0,0,10,8,0
1980,57,Ensign,16,14,0.0,0.0,11.5625,20.0,-8.4375,0,0.0,13,0.8125,0,0,13,0,0
1979,21,Arrows,30,15,5.0,0.3333,15.7333,14.2667,1.4667,0,0.0,15,0.5,0,0,9,5,0
1979,58,Shadow,30,15,3.0,0.2,17.8667,15.3667,2.5,0,0.0,16,0.5333,0,0,10,3,0
1979,204,Brabham-Alfa Romeo,26,13,7.0,0.5385,9.4231,16.0769,-6.6538,0,0.0,21,0.8077,0,0,8,7,0
1979,4,Renault,30,15,26.0,1.7333,7.4333,15.5,-8.0667,0,0.0,22,0.7333,4,1,6,26,0
1979,27,Ligier,30,15,61.0,4.0667,7.6333,11.4667,-3.8333,0,0.0,17,0.5667,8,3,3,61,0
1979,1,McLaren,30,15,15.0,1.0,14.4667,13.5,0.9667,0,0.0,16,0.5333,1,0,7,15,1
1979,3,Williams,30,15,75.0,5.0,8.4667,9.5,-1.0333,0,0.0,12,0.4,10,5,2,75,0
1979,25,Tyrrell,32,15,28.0,1.8667,11.3438,10.25,1.0938,0,0.0,14,0.4375,4,0,5,28,0
1979,32,Team Lotus,41,15,39.0,2.6,11.9512,13.4146,-1.4634,0,0.0,24,0.5854,5,0,4,39,0
1979,6,Ferrari,30,15,113.0,7.5333,5.6,5.2,0.4,0,0.0,6,0.2,13,6,1,113,0
1979,57,Ensign,15,15,0.0,0.0,9.2667,20.2,-10.9333,0,0.0,12,0.8,0,0,15,0,0
1979,56,Fittipaldi,17,15,1.0,0.0667,15.6471,15.8824,-0.2353,0,0.0,9,0.5294,0,0,12,1,0
1979,59,Wolf,15,15,0.0,0.0,12.8,16.5333,-3.7333,0,0.0,13,0.8667,0,0,14,0,0
1979,60,Merzario,15,15,0.0,0.0,2.9333,26.0,-23.0667,0,0.0,15,1.0,0,0,18,0,0
1979,54,ATS,15,15,2.0,0.1333,14.6,16.9333,-2.3333,0,0.0,11,0.7333,0,0,11,2,0
1979,61,Kauhsen,2,2,0.0,0.0,0.0,27.5,-27.5,0,0.0,2,1.0,0,0,19,0,0
1979,51,Alfa Romeo,7,5,0.0,0.0,15.2857,18.2857,-3.0,0,0.0,5,0.7143,0,0,16,0,0
1979,62,Rebaque,3,3,0.0,0.0,7.3333,24.0,-16.6667,0,0.0,3,1.0,0,0,17,0,0
1979,182,Brabham-Ford,5,2,0.0,0.0,6.4,14.2,-7.8,0,0.0,4,0.8,0,0,13,0,0
1978,55,Theodore,7,7,0.0,0.0,3.4286,26.1429,-22.7143,0,0.0,7,1.0,0,0,18,0,0
1978,27,Ligier,16,16,19.0,1.1875,10.125,8.1875,1.9375,0,0.0,4,0.25,2,0,6,19,0
1978,1,McLaren,55,16,16.0,1.0,12.1273,14.9818,-2.8545,0,0.0,31,0.5636,1,0,8,15,1
1978,3,Williams,16,16,11.0,0.6875,10.125,12.5625,-2.4375,0,0.0,7,0.4375,1,0,9,11,0
1978,34,Brabham,33,16,69.0,4.3125,5.8182,11.1818,-5.3636,0,0.0,15,0.4545,10,2,3,53,0
1978,54,ATS,32,16,0.0,0.0,12.0,19.1875,-7.1875,0,0.0,19,0.5938,0,0,15,0,0
1978,6,Ferrari,32,16,65.0,4.0625,6.4688,9.5,-3.0312,0,0.0,10,0.3125,9,5,2,58,0
1978,25,Tyrrell,32,16,41.0,2.5625,14.3125,12.625,1.6875,0,0.0,14,0.4375,5,1,4,38,0
1978,32,Team Lotus,48,16,116.0,7.25,5.9792,12.7083,-6.7292,0,0.0,23,0.4792,14,8,1,86,0
1978,63,Surtees,31,16,1.0,0.0625,11.9355,20.1613,-8.2258,0,0.0,24,0.7742,0,0,13,1,0
1978,59,Wolf,22,16,24.0,1.5,10.7727,12.6818,-1.9091,0,0.0,10,0.4545,4,0,5,24,0
1978,58,Shadow,34,16,6.0,0.375,12.7941,18.1765,-5.3824,0,0.0,23,0.6765,0,0,11,6,0
1978,56,Fittipaldi,16,16,17.0,1.0625,12.625,11.5625,1.0625,0,0.0,6,0.375,1,0,7,17,0
1978,60,Merzario,17,16,0.0,0.0,10.9412,23.4118,-12.4706,0,0.0,16,0.9412,0,0,17,0,0
1978,57,Ensign,24,16,1.0,0.0625,13.75,19.625,-5.875,0,0.0,19,0.7917,0,0,14,1,0
1978,64,Hesketh,6,6,0.0,0.0,4.1667,27.0,-22.8333,0,0.0,6,1.0,0,0,19,0,0
1978,21,Arrows,28,15,11.0,0.7333,12.0714,16.0714,-4.0,0,0.0,15,0.5357,1,0,10,11,0
1978,65,Martini,8,8,0.0,0.0,13.375,17.375,-4.0,0,0.0,4,0.5,0,0,16,0,0
1978,4,Renault,14,14,3.0,0.2143,10.7143,16.0,-5.2857,0,0.0,10,0.7143,0,0,12,3,0
1977,27,Ligier,18,17,18.0,1.0588,9.2778,11.3889,-2.1111,0,0.0,10,0.5556,2,1,8,18,0
1977,6,Ferrari,34,17,114.0,6.7059,7.0,7.5588,-0.5588,0,0.0,9,0.2647,16,4,1,95,0
1977,34,Brabham,35,17,27.0,1.5882,7.1714,13.1714,-6.0,0,0.0,20,0.5714,4,0,5,27,0
1977,1,McLaren,52,17,65.0,3.8235,8.5192,13.1538,-4.6346,0,0.0,27,0.5192,7,3,3,60,1
1977,32,Team Lotus,34,17,67.0,3.9412,6.7941,11.7647,-4.9706,0,0.0,20,0.5882,7,5,2,62,0
1977,25,Tyrrell,35,17,27.0,1.5882,10.4857,13.1143,-2.6286,0,0.0,20,0.5714,4,0,6,27,0
1977,59,Wolf,17,17,55.0,3.2353,6.5882,9.1176,-2.5294,0,0.0,7,0.4118,9,3,4,55,0
1977,57,Ensign,25,17,10.0,0.5882,11.24,15.36,-4.12,0,0.0,16,0.64,0,0,10,10,0
1977,56,Fittipaldi,18,16,11.0,0.6875,15.4444,13.8333,1.6111,0,0.0,7,0.3889,0,0,9,11,0
1977,63,Surtees,36,17,6.0,0.3529,13.4167,15.7222,-2.3056,0,0.0,19,0.5278,0,0,11,6,0
1977,37,March,68,17,0.0,0.0,12.6912,19.9853,-7.2941,0,0.0,50,0.7353,0,0,13,0,0
1977,58,Shadow,34,17,24.0,1.4118,14.5588,13.1471,1.4118,0,0.0,21,0.6176,2,1,7,23,0
1977,66,BRM,10,10,0.0,0.0,4.4,28.3,-23.9,0,0.0,9,0.9,0,0,17,0,0
1977,67,Penske,17,13,1.0,0.0769,16.5882,16.4706,0.1176,0,0.0,8,0.4706,0,0,12,1,0
1977,64,Hesketh,28,12,0.0,0.0,12.3929,20.0714,-7.6786,0,0.0,19,0.6786,0,0,14,0,0
1977,68,LEC,5,5,0.0,0.0,12.0,21.8,-9.8,0,0.0,3,0.6,0,0,16,0,0
1977,4,Renault,5,5,0.0,0.0,13.0,20.4,-7.4,0,0.0,5,1.0,0,0,18,0,0
1977,69,McGuire,1,1,0.0,0.0,0.0,35.0,-35.0,0,0.0,1,1.0,0,0,21,0,0
1977,70,Boro,2,2,0.0,0.0,11.5,21.0,-9.5,0,0.0,2,1.0,0,0,19,0,0
1977,71,Apollon,1,1,0.0,0.0,0.0,33.0,-33.0,0,0.0,1,1.0,0,0,20,0,0
1977,72,Kojima,2,1,0.0,0.0,15.0,16.5,-1.5,0,0.0,1,0.5,0,0,15,0,0
1976,27,Ligier,16,16,20.0,1.25,8.125,12.0625,-3.9375,0,0.0,8,0.5,3,0,6,20,0
1976,6,Ferrari,30,15,99.0,6.6,4.7333,7.9667,-3.2333,0,0.0,7,0.2333,13,6,1,83,0
1976,67,Penske,17,16,20.0,1.25,11.8235,11.1765,0.6471,0,0.0,7,0.4118,3,1,5,20,0
1976,58,Shadow,33,16,10.0,0.625,13.1515,11.697,1.4545,0,0.0,9,0.2727,1,0,8,10,0
1976,204,Brabham-Alfa Romeo,33,16,11.0,0.6875,12.0,15.2424,-3.2424,0,0.0,20,0.6061,0,0,9,9,0
1976,1,McLaren,32,16,88.0,5.5,8.2188,8.6875,-0.4688,0,0.0,10,0.3125,10,6,2,74,1
1976,32,Team Lotus,31,16,32.0,2.0,11.3871,14.7097,-3.3226,0,0.0,18,0.5806,5,1,4,29,0
1976,25,Tyrrell,41,16,88.0,5.5,7.9756,11.2195,-3.2439,0,0.0,16,0.3902,12,1,3,71,0
1976,56,Fittipaldi,20,16,3.0,0.1875,14.0,17.6,-3.6,0,0.0,12,0.6,0,0,11,3,0
1976,37,March,55,16,19.0,1.1875,10.7273,16.0545,-5.3273,0,0.0,38,0.6909,1,1,7,19,0
1976,59,Wolf,25,16,0.0,0.0,15.76,18.2,-2.44,0,0.0,15,0.6,0,0,15,0,0
1976,3,Williams,2,2,0.0,0.0,8.5,18.0,-9.5,0,0.0,1,0.5,0,0,17,0,0
1976,66,BRM,1,1,0.0,0.0,21.0,22.0,-1.0,0,0.0,1,1.0,0,0,20,0,0
1976,73,Parnelli,2,2,1.0,0.5,14.0,10.5,3.5,0,0.0,1,0.5,0,0,13,1,0
1976,64,Hesketh,23,15,0.0,0.0,17.2174,18.8696,-1.6522,0,0.0,13,0.5652,0,0,14,0,0
1976,63,Surtees,38,15,7.0,0.4667,17.7895,15.2895,2.5,0,0.0,17,0.4474,0,0,10,7,0
1976,57,Ensign,14,14,2.0,0.1429,13.7143,14.8571,-1.1429,0,0.0,7,0.5,0,0,12,2,0
1976,182,Brabham-Ford,13,7,0.0,0.0,10.6923,22.8462,-12.1538,0,0.0,11,0.8462,0,0,19,0,0
1976,70,Boro,6,6,0.0,0.0,16.3333,18.1667,-1.8333,0,0.0,4,0.6667,0,0,16,0,0
1976,74,Maki,1,1,0.0,0.0,0.0,26.0,-26.0,0,0.0,1,1.0,0,0,21,0,0
1976,72,Kojima,1,1,0.0,0.0,10.0,11.0,-1.0,0,0.0,0,0.0,0,0,18,0,0
1975,3,Williams,27,14,6.0,0.4286,17.6667,18.1111,-0.4444,0,0.0,20,0.7407,1,0,9,6,0
1975,6,Ferrari,28,14,89.0,6.3571,4.3929,7.0714,-2.6786,0,0.0,7,0.25,11,6,1,72,0
1975,63,Surtees,12,11,0.0,0.0,13.75,14.9167,-1.1667,0,0.0,6,0.5,0,0,14,0,0
1975,202,Shadow-Ford,26,14,10.0,0.7143,8.5385,14.0,-5.4615,0,0.0,18,0.6923,1,0,6,10,0
1975,34,Brabham,28,14,61.0,4.3571,6.6786,9.8929,-3.2143,0,0.0,11,0.3929,9,2,2,54,0
1975,1,McLaren,29,14,65.0,4.6429,9.6207,10.1724,-0.5517,0,0.0,10,0.3448,10,3,3,53,1
1975,73,Parnelli,12,12,5.0,0.4167,12.0833,14.4167,-2.3333,0,0.0,8,0.6667,0,0,10,5,0
1975,25,Tyrrell,31,14,32.0,2.2857,9.129,10.4839,-1.3548,0,0.0,11,0.3548,4,1,5,25,0
1975,37,March,33,14,8.0,0.5714,13.5758,16.7273,-3.1515,0,0.0,22,0.6667,1,1,8,8,0
1975,64,Hesketh,26,14,33.0,2.3571,12.5,11.7308,0.7692,0,0.0,14,0.5385,4,1,4,33,0
1975,32,Team Lotus,31,14,9.0,0.6429,16.3548,14.0645,2.2903,0,0.0,15,0.4839,1,0,7,9,0
1975,26,Lola,7,4,0.0,0.0,16.2857,14.5714,1.7143,0,0.0,3,0.4286,0,0,17,0,0
1975,66,BRM,11,11,0.0,0.0,20.2727,18.6364,1.6364,0,0.0,7,0.6364,0,0,15,0,0
1975,67,Penske,10,10,2.0,0.2,16.7,12.2,4.5,0,0.0,4,0.4,0,0,12,2,0
1975,56,Fittipaldi,14,14,0.0,0.0,18.2857,18.4286,-0.1429,0,0.0,8,0.5714,0,0,16,0,0
1975,75,Embassy Hill,19,11,3.0,0.2727,16.2105,13.9474,2.2632,0,0.0,9,0.4737,0,0,11,3,0
1975,57,Ensign,11,9,1.0,0.1111,16.1818,16.1818,0.0,0,0.0,6,0.5455,0,0,13,1,0
1975,74,Maki,5,5,0.0,0.0,0.0,27.2,-27.2,0,0.0,5,1.0,0,0,20,0,0
1975,76,Lyncar,1,1,0.0,0.0,26.0,17.0,9.0,0,0.0,1,1.0,0,0,18,0,0
1975,203,Shadow-Matra,2,2,0.0,0.0,13.5,19.5,-6.0,0,0.0,2,1.0,0,0,19,0,0
1974,6,Ferrari,30,15,90.0,6.0,4.1333,8.9667,-4.8333,0,0.0,12,0.4,12,3,2,65,0
1974,34,Brabham,55,15,46.0,3.0667,10.6909,15.1818,-4.4909,0,0.0,26,0.4727,5,3,5,35,0
1974,58,Shadow,28,14,7.0,0.5,13.0357,15.6071,-2.5714,0,0.0,17,0.6071,1,0,8,7,0
1974,63,Surtees,36,15,3.0,0.2,11.9722,21.6667,-9.6944,0,0.0,28,0.7778,0,0,11,3,0
1974,25,Tyrrell,31,15,59.0,3.9333,9.4194,9.4516,-0.0323,0,0.0,8,0.2581,7,2,3,52,0
1974,1,McLaren,46,15,87.0,5.8,10.0,9.3261,0.6739,0,0.0,12,0.2609,10,4,1,73,1
1974,37,March,32,15,6.0,0.4,14.6875,17.1562,-2.4688,0,0.0,22,0.6875,0,0,9,6,0
1974,80,Iso Marlboro,27,15,4.0,0.2667,12.3704,19.2963,-6.9259,0,0.0,22,0.8148,0,0,10,4,0
1974,32,Team Lotus,33,15,47.0,3.1333,11.2424,12.8788,-1.6364,0,0.0,17,0.5152,6,3,4,42,0
1974,26,Lola,29,15,1.0,0.0667,17.7241,14.069,3.6552,0,0.0,10,0.3448,0,0,12,1,0
1974,66,BRM,40,15,10.0,0.6667,18.125,16.975,1.15,0,0.0,24,0.6,1,0,7,10,0
1974,64,Hesketh,14,13,15.0,1.1538,7.3571,15.8571,-8.5,0,0.0,9,0.6429,3,0,6,15,0
1974,78,Amon,5,4,0.0,0.0,8.6,28.0,-19.4,0,0.0,5,1.0,0,0,18,0,0
1974,77,Trojan,8,8,0.0,0.0,17.0,19.375,-2.375,0,0.0,6,0.75,0,0,14,0,0
1974,79,Token,4,4,0.0,0.0,16.0,18.25,-2.25,0,0.0,3,0.75,0,0,16,0,0
1974,57,Ensign,11,11,0.0,0.0,11.4545,21.0,-9.5455,0,0.0,10,0.9091,0,0,17,0,0
1974,76,Lyncar,1,1,0.0,0.0,0.0,31.0,-31.0,0,0.0,1,1.0,0,0,19,0,0
1974,74,Maki,2,2,0.0,0.0,0.0,32.0,-32.0,0,0.0,2,1.0,0,0,20,0,0
1974,73,Parnelli,2,2,0.0,0.0,9.5,16.5,-7.0,0,0.0,1,0.5,0,0,13,0,0
1974,67,Penske,2,2,0.0,0.0,19.0,16.0,3.0,0,0.0,1,0.5,0,0,15,0,0
1973,66,BRM,44,15,13.0,0.8667,11.2727,13.4545,-2.1818,0,0.0,23,0.5227,0,0,7,12,0
1973,37,March,42,15,14.0,0.9333,16.9762,14.9762,2.0,0,0.0,29,0.6905,2,0,5,14,0
1973,34,Brabham,41,15,22.0,1.4667,13.0732,12.9512,0.122,0,0.0,22,0.5366,2,0,4,22,0
1973,32,Team Lotus,31,15,107.0,7.1333,4.0,8.6452,-4.6452,0,0.0,13,0.4194,15,7,1,92,0
1973,6,Ferrari,19,13,14.0,1.0769,10.6316,11.0,-0.3684,0,0.0,5,0.2632,0,0,6,12,0
1973,63,Surtees,35,15,7.0,0.4667,12.9143,14.8286,-1.9143,0,0.0,20,0.5714,1,0,9,7,0
1973,1,McLaren,35,15,68.0,4.5333,5.5143,8.7429,-3.2286,0,0.0,9,0.2571,8,3,3,58,1
1973,80,Iso Marlboro,28,15,2.0,0.1333,19.5,13.75,5.75,0,0.0,13,0.4643,0,0,10,2,0
1973,25,Tyrrell,33,15,118.0,7.8667,6.6364,7.7879,-1.1515,0,0.0,8,0.2424,15,5,2,82,0
1973,58,Shadow,38,13,9.0,0.6923,18.9737,15.4737,3.5,0,0.0,20,0.5263,2,0,8,9,0
1973,81,Tecno,4,4,1.0,0.25,18.75,16.0,2.75,0,0.0,3,0.75,0,0,11,1,0
1973,57,Ensign,7,7,0.0,0.0,21.2857,19.0,2.2857,0,0.0,5,0.7143,0,0,12,0,0
1972,37,March,64,12,15.0,1.25,17.6875,14.2344,3.4531,0,0.0,28,0.4375,1,0,6,15,0
1972,34,Brabham,32,12,7.0,0.5833,14.75,13.9375,0.8125,0,0.0,15,0.4688,0,0,9,7,0
1972,6,Ferrari,30,12,47.0,3.9167,6.4,10.5,-4.1,0,0.0,10,0.3333,6,1,4,33,0
1972,32,Team Lotus,28,12,61.0,5.0833,12.1786,13.4286,-1.25,0,0.0,14,0.5,8,5,1,61,0
1972,82,Matra,12,12,12.0,1.0,8.4167,10.4167,-2.0,0,0.0,3,0.25,1,0,8,12,0
1972,1,McLaren,25,12,66.0,5.5,6.48,6.68,-0.2,0,0.0,4,0.16,11,1,3,47,1
1972,66,BRM,47,12,14.0,1.1667,15.7234,16.4894,-0.766,0,0.0,28,0.5957,1,1,7,14,0
1972,63,Surtees,37,12,18.0,1.5,14.4054,15.7027,-1.2973,0,0.0,21,0.5676,1,0,5,18,0
1972,25,Tyrrell,25,12,60.0,5.0,7.4,10.04,-2.64,0,0.0,11,0.44,7,4,2,51,0
1972,81,Tecno,7,6,0.0,0.0,20.2857,23.7143,-3.4286,0,0.0,7,1.0,0,0,10,0,0
1972,83,Politoys,1,1,0.0,0.0,26.0,24.0,2.0,0,0.0,1,1.0,0,0,12,0,0
1972,84,Connew,1,1,0.0,0.0,25.0,21.0,4.0,0,0.0,1,1.0,0,0,11,0,0
1971,6,Ferrari,28,11,44.0,4.0,5.8214,12.4643,-6.6429,0,0.0,16,0.5714,7,2,3,33,0
1971,180,Lotus-Ford,21,10,25.0,2.5,11.7619,11.619,0.1429,0,0.0,11,0.5238,3,0,5,21,0
1971,200,March-Ford,43,11,37.0,3.3636,15.8372,13.7674,2.0698,0,0.0,27,0.6279,5,0,4,33,0
1971,63,Surtees,27,11,9.0,0.8182,15.2963,12.5926,2.7037,0,0.0,10,0.3704,0,0,8,8,0
1971,82,Matra,17,10,10.0,1.0,7.6471,10.5294,-2.8824,0,0.0,6,0.3529,1,0,7,9,0
1971,34,Brabham,25,11,7.0,0.6364,13.88,15.2,-1.32,0,0.0,16,0.64,1,0,9,5,0
1971,1,McLaren,27,11,13.0,1.1818,13.4444,14.1481,-0.7037,0,0.0,15,0.5556,1,0,6,10,1
1971,66,BRM,38,11,42.0,3.8182,10.7895,11.4211,-0.6316,0,0.0,12,0.3158,4,2,2,36,0
1971,25,Tyrrell,23,11,88.0,8.0,5.6087,7.913,-2.3043,0,0.0,7,0.3043,11,7,1,73,0
1971,199,March-Alfa Romeo,10,8,0.0,0.0,19.8,15.2,4.6,0,0.0,6,0.6,0,0,11,0,0
1971,201,Lotus-Pratt &amp; Whitney,3,3,0.0,0.0,19.6667,14.3333,5.3333,0,0.0,2,0.6667,0,0,10,0,0
1971,85,Bellasi,1,1,0.0,0.0,22.0,21.0,1.0,0,0.0,1,1.0,0,0,12,0,0
1970,37,March,63,13,55.0,4.2308,9.619,11.6825,-2.0635,0,0.0,36,0.5714,8,1,3,48,0
1970,6,Ferrari,25,13,76.0,5.8462,4.32,7.96,-3.64,0,0.0,8,0.32,9,4,2,52,0
1970,34,Brabham,28,13,35.0,2.6923,11.0357,10.8929,0.1429,0,0.0,14,0.5,5,1,4,35,0
1970,66,BRM,37,13,25.0,1.9231,10.9459,13.5135,-2.5676,0,0.0,24,0.6486,2,1,6,23,0
1970,82,Matra,26,13,24.0,1.8462,10.3077,9.3077,1.0,0,0.0,11,0.4231,3,0,7,23,0
1970,32,Team Lotus,48,13,70.0,5.3846,9.3542,12.4167,-3.0625,0,0.0,29,0.6042,7,6,1,59,0
1970,187,McLaren-Ford,30,12,36.0,3.0,11.8,10.6,1.2,0,0.0,16,0.5333,5,0,5,35,0
1970,86,De Tomaso,10,10,0.0,0.0,13.8,16.2,-2.4,0,0.0,10,1.0,0,0,10,0,0
1970,198,McLaren-Alfa Romeo,11,10,0.0,0.0,6.5455,18.4545,-11.9091,0,0.0,9,0.8182,0,0,9,0,0
1970,85,Bellasi,5,5,0.0,0.0,4.8,23.4,-18.6,0,0.0,5,1.0,0,0,12,0,0
1970,63,Surtees,8,7,3.0,0.4286,12.125,13.0,-0.875,0,0.0,5,0.625,0,0,8,3,0
1970,25,Tyrrell,3,3,0.0,0.0,1.6667,15.0,-13.3333,0,0.0,3,1.0,0,0,11,0,0
1969,180,Lotus-Ford,46,11,59.0,5.3636,8.087,9.087,-1.0,0,0.0,27,0.587,7,2,3,47,0
1969,182,Brabham-Ford,36,11,68.0,6.1818,8.75,8.3611,0.3889,0,0.0,18,0.5,9,2,2,49,0
1969,66,BRM,25,10,7.0,0.7,12.24,11.68,0.56,0,0.0,20,0.8,1,0,5,7,0
1969,6,Ferrari,11,10,7.0,0.7,7.6364,8.9091,-1.2727,0,0.0,7,0.6364,1,0,6,7,0
1969,187,McLaren-Ford,29,11,49.0,4.4545,7.4828,8.1379,-0.6552,0,0.0,10,0.3448,5,1,4,38,0
1969,196,Matra-Ford,24,11,85.0,7.7273,6.4167,5.2917,1.125,0,0.0,7,0.2917,10,6,1,66,0
1969,191,Brabham-Repco,2,1,0.0,0.0,16.5,8.5,8.0,0,0.0,1,0.5,0,0,8,0,0
1969,167,Cooper-Maserati,1,1,0.0,0.0,16.0,7.0,9.0,0,0.0,0,0.0,0,0,7,0,0
1969,197,BRM-Ford,1,1,0.0,0.0,16.0,8.0,8.0,0,0.0,1,1.0,0,0,9,0,0
1969,189,Eagle-Climax,1,1,0.0,0.0,17.0,14.0,3.0,0,0.0,1,1.0,0,0,,,0
1969,183,Brabham-Climax,1,1,0.0,0.0,19.0,17.0,2.0,0,0.0,1,1.0,0,0,10,0,0
1968,6,Ferrari,24,11,37.0,3.3636,5.2083,10.625,-5.4167,0,0.0,14,0.5833,5,1,4,32,0
1968,180,Lotus-Ford,36,12,75.0,6.25,7.5,9.3056,-1.8056,0,0.0,22,0.6111,9,5,1,62,0
1968,191,Brabham-Repco,32,12,12.0,1.0,8.375,12.7812,-4.4062,0,0.0,26,0.8125,2,0,8,10,0
1968,194,McLaren-BRM,8,8,3.0,0.375,14.75,13.375,1.375,0,0.0,5,0.625,0,0,10,3,0
1968,196,Matra-Ford,16,12,45.0,3.75,7.375,6.1875,1.1875,0,0.0,6,0.375,5,3,3,45,0
1968,167,Cooper-Maserati,3,1,0.0,0.0,18.6667,13.6667,5.0,0,0.0,2,0.6667,0,0,11,0,0
1968,183,Brabham-Climax,1,1,0.0,0.0,23.0,10.0,13.0,0,0.0,1,1.0,0,0,15,0,0
1968,11,Honda,15,12,14.0,1.1667,8.2667,10.4667,-2.2,0,0.0,10,0.6667,2,0,6,14,0
1968,66,BRM,32,12,28.0,2.3333,12.2188,10.2188,2.0,0,0.0,19,0.5938,4,0,5,28,0
1968,190,Eagle-Weslake,5,5,0.0,0.0,11.2,12.8,-1.6,0,0.0,4,0.8,0,0,12,0,0
1968,89,LDS,1,1,0.0,0.0,22.0,15.0,7.0,0,0.0,1,1.0,0,0,16,0,0
1968,170,Cooper-Climax,1,1,0.0,0.0,20.0,16.0,4.0,0,0.0,1,1.0,0,0,17,0,0
1968,195,Cooper-BRM,21,12,20.0,1.6667,15.2381,11.381,3.8571,0,0.0,13,0.619,2,0,7,14,0
1968,187,McLaren-Ford,23,11,56.0,5.0909,6.6957,7.7826,-1.087,0,0.0,9,0.3913,6,3,2,49,0
1968,82,Matra,12,10,8.0,0.8,14.0833,10.5833,3.5,0,0.0,7,0.5833,1,0,9,8,0
1968,1,McLaren,2,2,0.0,0.0,10.5,10.5,0.0,0,0.0,1,0.5,0,0,14,0,1
1968,26,Lola,1,1,0.0,0.0,18.0,10.0,8.0,0,0.0,0,0.0,0,0,13,0,0
1967,176,Lotus-BRM,8,5,6.0,1.2,11.625,12.375,-0.75,0,0.0,5,0.625,1,0,8,6,0
1967,183,Brabham-Climax,8,6,2.0,0.3333,12.5,9.75,2.75,0,0.0,5,0.625,0,0,11,2,0
1967,191,Brabham-Repco,27,11,100.0,9.0909,7.2222,5.8148,1.4074,0,0.0,6,0.2222,14,4,1,63,0
1967,66,BRM,34,11,21.0,1.9091,10.8824,11.4706,-0.5882,0,0.0,22,0.6471,2,0,6,17,0
1967,170,Cooper-Climax,2,2,6.0,3.0,2.5,10.0,-7.5,0,0.0,1,0.5,1,0,9,6,0
1967,11,Honda,9,9,20.0,2.2222,7.2222,7.0,0.2222,0,0.0,4,0.4444,2,1,4,20,0
1967,167,Cooper-Maserati,42,11,31.0,2.8182,11.881,10.2143,1.6667,0,0.0,22,0.5238,1,1,3,28,0
1967,189,Eagle-Climax,4,4,0.0,0.0,7.25,15.75,-8.5,0,0.0,4,1.0,0,0,17,0,0
1967,184,LDS-Climax,1,1,0.0,0.0,14.0,9.0,5.0,0,0.0,1,1.0,0,0,15,0,0
1967,6,Ferrari,16,10,23.0,2.3,7.6875,6.875,0.8125,0,0.0,6,0.375,4,0,5,20,0
1967,82,Matra,4,2,0.0,0.0,12.5,17.5,-5.0,0,0.0,4,1.0,0,0,18,0,0
1967,194,McLaren-BRM,6,6,3.0,0.5,8.3333,11.5,-3.1667,0,0.0,4,0.6667,0,0,10,3,0
1967,190,Eagle-Weslake,13,9,13.0,1.4444,5.0769,13.1538,-8.0769,0,0.0,11,0.8462,2,1,7,13,0
1967,172,Lotus-Climax,1,1,0.0,0.0,5.0,9.0,-4.0,0,0.0,1,1.0,0,0,16,0,0
1967,180,Lotus-Ford,22,9,50.0,5.5556,5.1818,9.2727,-4.0909,0,0.0,13,0.5909,6,4,2,44,0
1967,193,Cooper-ATS,1,1,0.0,0.0,20.0,15.0,5.0,0,0.0,1,1.0,0,0,20,0,0
1967,26,Lola,2,1,0.0,0.0,18.0,13.5,4.5,0,0.0,1,0.5,0,0,14,0,0
1967,90,Protos,2,1,0.0,0.0,24.0,17.5,6.5,0,0.0,1,0.5,0,0,19,0,0
1967,182,Brabham-Ford,1,1,0.0,0.0,20.0,7.0,13.0,0,0.0,0,0.0,0,0,13,0,0
1967,187,McLaren-Ford,2,2,0.0,0.0,16.0,7.0,9.0,0,0.0,0,0.0,0,0,12,0,0
1966,66,BRM,25,9,34.0,3.7778,8.72,10.12,-1.4,0,0.0,15,0.6,4,1,4,22,0
1966,183,Brabham-Climax,11,7,1.0,0.1429,12.3636,11.9091,0.4545,0,0.0,8,0.7273,0,0,10,1,0
1966,6,Ferrari,16,7,42.0,6.0,4.6875,7.875,-3.1875,0,0.0,8,0.5,6,2,2,31,0
1966,181,Brabham-BRM,6,6,1.0,0.1667,14.3333,12.0,2.3333,0,0.0,3,0.5,0,0,11,1,0
1966,167,Cooper-Maserati,40,9,49.0,5.4444,9.15,9.2,-0.05,0,0.0,25,0.625,6,1,3,30,0
1966,191,Brabham-Repco,16,9,63.0,7.0,5.5,6.5,-1.0,0,0.0,6,0.375,9,4,1,42,0
1966,187,McLaren-Ford,3,3,2.0,0.6667,11.6667,10.0,1.6667,0,0.0,2,0.6667,0,0,9,2,0
1966,172,Lotus-Climax,8,8,8.0,1.0,9.0,7.75,1.25,0,0.0,4,0.5,1,0,6,8,0
1966,176,Lotus-BRM,20,9,13.0,1.4444,10.6,11.2,-0.6,0,0.0,15,0.75,1,1,5,13,0
1966,188,McLaren-Serenissima,2,2,1.0,0.5,6.5,11.0,-4.5,0,0.0,1,0.5,0,0,12,1,0
1966,189,Eagle-Climax,8,8,4.0,0.5,8.625,12.25,-3.625,0,0.0,6,0.75,0,0,7,4,0
1966,192,Cooper-Ferrari,2,2,0.0,0.0,22.5,11.0,11.5,0,0.0,1,0.5,0,0,13,0,0
1966,91,Shannon,1,1,0.0,0.0,18.0,20.0,-2.0,0,0.0,1,1.0,0,0,15,0,0
1966,190,Eagle-Weslake,3,3,0.0,0.0,17.0,16.6667,0.3333,0,0.0,3,1.0,0,0,14,0,0
1966,11,Honda,5,3,3.0,1.0,9.8,9.0,0.8,0,0.0,3,0.6,0,0,8,3,0
1965,66,BRM,28,10,81.0,8.1,8.0357,8.0357,0.0,0,0.0,9,0.3214,11,3,2,45,0
1965,180,Lotus-Ford,2,1,0.0,0.0,0.0,26.0,-26.0,0,0.0,2,1.0,0,0,14,0,0
1965,185,LDS-Alfa Romeo,2,1,0.0,0.0,10.0,20.0,-10.0,0,0.0,1,0.5,0,0,11,0,0
1965,170,Cooper-Climax,23,10,14.0,1.4,10.2609,12.4348,-2.1739,0,0.0,14,0.6087,1,0,5,14,0
1965,6,Ferrari,23,10,32.0,3.2,7.087,8.7826,-1.6957,0,0.0,9,0.3913,4,0,4,26,0
1965,181,Brabham-BRM,18,10,5.0,0.5,13.3333,11.1667,2.1667,0,0.0,6,0.3333,0,0,7,5,0
1965,183,Brabham-Climax,39,10,39.0,3.9,9.4615,10.5385,-1.0769,0,0.0,19,0.4872,6,0,3,27,0
1965,51,Alfa Romeo,1,1,0.0,0.0,17.0,10.0,7.0,0,0.0,0,0.0,0,0,10,0,0
1965,172,Lotus-Climax,28,10,64.0,6.4,6.25,10.5357,-4.2857,0,0.0,15,0.5357,7,6,1,54,0
1965,182,Brabham-Ford,2,1,0.0,0.0,17.5,11.5,6.0,0,0.0,0,0.0,0,0,9,0,0
1965,176,Lotus-BRM,20,10,2.0,0.2,13.95,12.55,1.4,0,0.0,11,0.55,0,0,8,2,0
1965,186,Cooper-Ford,2,2,0.0,0.0,0.0,21.5,-21.5,0,0.0,2,1.0,0,0,12,0,0
1965,184,LDS-Climax,1,1,0.0,0.0,0.0,23.0,-23.0,0,0.0,1,1.0,0,0,13,0,0
1965,93,RE,1,1,0.0,0.0,0.0,29.0,-29.0,0,0.0,1,1.0,0,0,15,0,0
1965,167,Cooper-Maserati,1,1,0.0,0.0,0.0,30.0,-30.0,0,0.0,1,1.0,0,0,16,0,0
1965,11,Honda,14,8,13.0,1.625,9.0714,12.0,-2.9286,0,0.0,8,0.5714,1,1,6,11,0
1964,176,Lotus-BRM,25,10,3.0,0.3,12.28,14.24,-1.96,0,0.0,18,0.72,0,0,8,3,0
1964,66,BRM,38,10,70.0,7.0,10.5526,9.7632,0.7895,0,0.0,13,0.3421,7,2,2,42,0
1964,6,Ferrari,22,10,64.0,6.4,5.7727,7.5455,-1.7727,0,0.0,8,0.3636,10,3,1,45,0
1964,170,Cooper-Climax,23,10,16.0,1.6,10.5217,11.5652,-1.0435,0,0.0,13,0.5652,2,0,5,16,0
1964,183,Brabham-Climax,33,10,36.0,3.6,7.2121,10.1212,-2.9091,0,0.0,17,0.5152,5,2,4,30,0
1964,172,Lotus-Climax,26,10,49.0,4.9,6.6154,8.3077,-1.6923,0,0.0,13,0.5,5,3,3,37,0
1964,94,BRP,14,8,5.0,0.625,12.4286,12.5,-0.0714,0,0.0,7,0.5,0,0,7,5,0
1964,92,Scirocco,3,3,0.0,0.0,6.6667,19.6667,-13.0,0,0.0,3,1.0,0,0,10,0,0
1964,181,Brabham-BRM,17,8,7.0,0.875,12.3529,13.5882,-1.2353,0,0.0,10,0.5882,1,0,6,7,0
1964,95,Porsche,1,1,0.0,0.0,17.0,17.0,0.0,0,0.0,1,1.0,0,0,12,0,0
1964,182,Brabham-Ford,1,1,0.0,0.0,19.0,23.0,-4.0,0,0.0,1,1.0,0,0,13,0,0
1964,11,Honda,3,3,0.0,0.0,15.3333,14.6667,0.6667,0,0.0,3,1.0,0,0,9,0,0
1964,96,Derrington,1,1,0.0,0.0,19.0,16.0,3.0,0,0.0,1,1.0,0,0,11,0,0
1963,26,Lola,16,10,0.0,0.0,12.5,14.1875,-1.6875,0,0.0,10,0.625,0,0,9,0,0
1963,66,BRM,27,10,65.0,6.5,5.7407,8.7778,-3.037,0,0.0,10,0.3704,10,2,2,36,0
1963,6,Ferrari,20,10,27.0,2.7,4.7,11.85,-7.15,0,0.0,13,0.65,3,1,4,26,0
1963,176,Lotus-BRM,34,10,4.0,0.4,11.9412,14.2059,-2.2647,0,0.0,23,0.6765,0,0,8,4,0
1963,170,Cooper-Climax,34,10,32.0,3.2,8.9118,10.5294,-1.6176,0,0.0,16,0.4706,4,0,5,25,0
1963,172,Lotus-Climax,36,10,74.0,7.4,6.5278,12.2778,-5.75,0,0.0,20,0.5556,9,7,1,54,0
1963,34,Brabham,20,10,33.0,3.3,6.15,9.35,-3.2,0,0.0,10,0.5,4,0,3,28,0
1963,54,ATS,17,9,0.0,0.0,10.4118,19.2353,-8.8235,0,0.0,15,0.8824,0,0,12,0,0
1963,95,Porsche,13,9,5.0,0.5556,12.5385,15.0769,-2.5385,0,0.0,6,0.4615,0,0,7,5,0
1963,92,Scirocco,14,7,0.0,0.0,8.4286,20.1429,-11.7143,0,0.0,14,1.0,0,0,11,0,0
1963,86,De Tomaso,3,3,0.0,0.0,0.0,23.6667,-23.6667,0,0.0,3,1.0,0,0,18,0,0
1963,94,BRP,5,5,6.0,1.2,8.8,10.8,-2.0,0,0.0,3,0.6,0,0,6,6,0
1963,97,Gilby,3,3,0.0,0.0,6.3333,21.3333,-15.0,0,0.0,3,1.0,0,0,17,0,0
1963,177,Lotus-Borgward,1,1,0.0,0.0,0.0,26.0,-26.0,0,0.0,1,1.0,0,0,20,0,0
1963,167,Cooper-Maserati,2,2,0.0,0.0,9.5,19.0,-9.5,0,0.0,1,0.5,0,0,14,0,0
1963,179,De Tomaso-Ferrari,1,1,0.0,0.0,0.0,28.0,-28.0,0,0.0,1,1.0,0,0,21,0,0
1963,173,Lotus-Maserati,1,1,0.0,0.0,0.0,33.0,-33.0,0,0.0,1,1.0,0,0,22,0,0
1963,98,Stebro,2,1,0.0,0.0,10.5,15.5,-5.0,0,0.0,1,0.5,0,0,10,0,0
1963,32,Team Lotus,1,1,0.0,0.0,0.0,23.0,-23.0,0,0.0,1,1.0,0,0,19,0,0
1963,51,Alfa Romeo,1,1,0.0,0.0,16.0,15.0,1.0,0,0.0,1,1.0,0,0,16,0,0
1963,89,LDS,2,1,0.0,0.0,17.5,15.5,2.0,0,0.0,1,0.5,0,0,13,0,0
1963,180,Lotus-Ford,1,1,0.0,0.0,15.0,14.0,1.0,0,0.0,0,0.0,0,0,15,0,0
1962,66,BRM,26,9,62.0,6.8889,4.0385,10.8462,-6.8077,0,0.0,12,0.4615,8,4,1,42,0
1962,26,Lola,18,9,19.0,2.1111,8.5556,13.2778,-4.7222,0,0.0,13,0.7222,2,0,4,19,0
1962,95,Porsche,30,9,20.0,2.2222,8.8667,12.4333,-3.5667,0,0.0,13,0.4333,2,1,5,18,0
1962,172,Lotus-Climax,65,9,42.0,4.6667,8.0,13.9692,-5.9692,0,0.0,38,0.5846,4,3,2,36,0
1962,170,Cooper-Climax,29,9,45.0,5.0,10.1724,9.7931,0.3793,0,0.0,9,0.3103,7,1,3,29,0
1962,6,Ferrari,21,6,30.0,5.0,10.5714,9.8095,0.7619,0,0.0,9,0.4286,4,0,6,18,0
1962,99,Emeryson,5,4,0.0,0.0,12.0,17.6,-5.6,0,0.0,4,0.8,0,0,9,0,0
1962,176,Lotus-BRM,14,7,1.0,0.1429,6.0,20.0,-14.0,0,0.0,12,0.8571,0,0,8,1,0
1962,175,De Tomaso-Alfa Romeo,1,1,0.0,0.0,0.0,23.0,-23.0,0,0.0,1,1.0,0,0,16,0,0
1962,32,Team Lotus,1,1,0.0,0.0,0.0,18.0,-18.0,0,0.0,1,1.0,0,0,14,0,0
1962,87,Cooper,1,1,0.0,0.0,16.0,12.0,4.0,0,0.0,1,1.0,0,0,11,0,0
1962,97,Gilby,3,3,0.0,0.0,6.3333,22.6667,-16.3333,0,0.0,3,1.0,0,0,15,0,0
1962,34,Brabham,3,3,6.0,2.0,10.6667,9.0,1.6667,0,0.0,1,0.3333,0,0,7,6,0
1962,100,ENB,1,1,0.0,0.0,25.0,16.0,9.0,0,0.0,0,0.0,0,0,10,0,0
1962,86,De Tomaso,1,1,0.0,0.0,0.0,30.0,-30.0,0,0.0,1,1.0,0,0,18,0,0
1962,177,Lotus-Borgward,1,1,0.0,0.0,0.0,31.0,-31.0,0,0.0,1,1.0,0,0,19,0,0
1962,174,De Tomaso-Osca,1,1,0.0,0.0,0.0,28.0,-28.0,0,0.0,1,1.0,0,0,17,0,0
1962,89,LDS,1,1,0.0,0.0,14.0,13.0,1.0,0,0.0,1,1.0,0,0,12,0,0
1962,178,Cooper-Alfa Romeo,1,1,0.0,0.0,15.0,15.0,0.0,0,0.0,1,1.0,0,0,13,0,0
1961,66,BRM,16,8,9.0,1.125,7.625,13.375,-5.75,0,0.0,8,0.5,1,0,5,7,0
1961,170,Cooper-Climax,52,8,24.0,3.0,11.2308,15.5769,-4.3462,0,0.0,27,0.5192,1,0,4,14,0
1961,95,Porsche,28,8,24.0,3.0,9.75,11.9286,-2.1786,0,0.0,7,0.25,3,0,3,22,0
1961,172,Lotus-Climax,69,8,44.0,5.5,12.5072,16.8116,-4.3043,0,0.0,40,0.5797,5,3,2,35,0
1961,99,Emeryson,5,4,0.0,0.0,0.0,27.0,-27.0,0,0.0,5,1.0,0,0,10,0,0
1961,6,Ferrari,27,7,99.0,14.1429,4.5556,7.7037,-3.1481,0,0.0,9,0.3333,14,5,1,45,0
1961,167,Cooper-Maserati,12,6,0.0,0.0,19.75,16.25,3.5,0,0.0,6,0.5,0,0,6,0,0
1961,174,De Tomaso-Osca,2,2,0.0,0.0,29.0,26.0,3.0,0,0.0,2,1.0,0,0,11,0,0
1961,101,JBW,2,2,0.0,0.0,15.5,27.0,-11.5,0,0.0,2,1.0,0,0,12,0,0
1961,97,Gilby,1,1,0.0,0.0,26.0,15.0,11.0,0,0.0,0,0.0,0,0,7,0,0
1961,102,Ferguson,2,1,0.0,0.0,20.0,19.0,1.0,0,0.0,2,1.0,0,0,,,0
1961,103,MBM,1,1,0.0,0.0,0.0,30.0,-30.0,0,0.0,1,1.0,0,0,13,0,0
1961,175,De Tomaso-Alfa Romeo,2,1,0.0,0.0,22.0,24.0,-2.0,0,0.0,2,1.0,0,0,9,0,0
1961,173,Lotus-Maserati,1,1,0.0,0.0,30.0,15.0,15.0,0,0.0,1,1.0,0,0,8,0,0
1960,66,BRM,23,8,8.0,1.0,6.0435,12.3913,-6.3478,0,0.0,18,0.7826,1,0,4,8,0
1960,170,Cooper-Climax,55,9,102.0,11.3333,9.4545,9.3818,0.0727,0,0.0,22,0.4,15,6,1,48,0
1960,6,Ferrari,25,8,43.0,5.375,7.6,7.36,0.24,0,0.0,9,0.36,5,1,3,26,0
1960,32,Team Lotus,33,8,52.0,6.5,8.9394,9.4545,-0.5152,0,0.0,13,0.3939,7,2,2,34,0
1960,104,Behra-Porsche,2,2,0.0,0.0,15.0,11.0,4.0,0,0.0,0,0.0,0,0,8,0,0
1960,105,Maserati,7,3,0.0,0.0,17.4286,17.1429,0.2857,0,0.0,4,0.5714,0,0,11,0,0
1960,167,Cooper-Maserati,21,8,3.0,0.375,13.8095,14.9524,-1.1429,0,0.0,14,0.6667,0,0,5,3,0
1960,171,Cooper-Castellotti,6,5,3.0,0.6,12.6667,13.5,-0.8333,0,0.0,3,0.5,0,0,6,3,0
1960,101,JBW,3,3,0.0,0.0,8.3333,14.3333,-6.0,0,0.0,2,0.6667,0,0,12,0,0
1960,106,Scarab,9,5,0.0,0.0,10.5556,18.6667,-8.1111,0,0.0,8,0.8889,0,0,9,0,0
1960,107,Watson,8,1,14.0,14.0,7.375,16.125,-8.75,0,0.0,4,0.5,2,1,,,0
1960,108,Epperly,6,1,4.0,4.0,19.6667,18.8333,0.8333,0,0.0,4,0.6667,1,0,,,0
1960,109,Phillips,1,1,3.0,3.0,8.0,4.0,4.0,0,0.0,0,0.0,0,0,,,0
1960,110,Lesovsky,1,1,2.0,2.0,17.0,5.0,12.0,0,0.0,0,0.0,0,0,,,0
1960,111,Trevis,2,1,1.0,1.0,17.5,7.5,10.0,0,0.0,0,0.0,0,0,,,0
1960,112,Meskowski,2,1,0.0,0.0,23.0,12.0,11.0,0,0.0,0,0.0,0,0,,,0
1960,113,Kurtis Kraft,8,1,0.0,0.0,20.75,21.875,-1.125,0,0.0,6,0.75,0,0,,,0
1960,114,Kuzma,2,1,0.0,0.0,29.0,12.5,16.5,0,0.0,0,0.0,0,0,,,0
1960,115,Christensen,1,1,0.0,0.0,23.0,18.0,5.0,0,0.0,1,1.0,0,0,,,0
1960,116,Ewing,2,1,0.0,0.0,15.5,26.5,-11.0,0,0.0,2,1.0,0,0,,,0
1960,117,Aston Martin,3,2,0.0,0.0,11.3333,17.0,-5.6667,0,0.0,2,0.6667,0,0,10,0,0
1960,118,Vanwall,1,1,0.0,0.0,13.0,18.0,-5.0,0,0.0,1,1.0,0,0,13,0,0
1960,95,Porsche,2,1,1.0,1.0,11.0,6.5,4.5,0,0.0,0,0.0,0,0,7,1,0
1959,32,Team Lotus,19,8,5.0,0.625,11.3158,14.6842,-3.3684,0,0.0,14,0.7368,0,0,4,5,0
1959,66,BRM,22,7,22.0,3.1429,8.1818,9.0909,-0.9091,0,0.0,10,0.4545,2,1,3,18,0
1959,170,Cooper-Climax,49,8,97.0,12.125,6.0,10.4898,-4.4898,0,0.0,23,0.4694,13,5,1,40,0
1959,6,Ferrari,29,7,67.0,9.5714,6.8276,7.3448,-0.5172,0,0.0,11,0.3793,9,2,2,32,0
1959,167,Cooper-Maserati,12,7,0.0,0.0,14.8333,13.6667,1.1667,0,0.0,7,0.5833,0,0,6,0,0
1959,95,Porsche,4,3,0.0,0.0,10.5,13.0,-2.5,0,0.0,2,0.5,0,0,8,0,0
1959,105,Maserati,9,5,0.0,0.0,11.1111,15.5556,-4.4444,0,0.0,5,0.5556,0,0,9,0,0
1959,107,Watson,4,1,14.0,14.0,7.75,10.5,-2.75,0,0.0,2,0.5,2,1,,,0
1959,108,Epperly,4,1,5.0,5.0,15.5,12.0,3.5,0,0.0,1,0.25,0,0,,,0
1959,109,Phillips,1,1,0.0,0.0,10.0,24.0,-14.0,0,0.0,1,1.0,0,0,,,0
1959,110,Lesovsky,2,1,5.0,5.0,11.5,17.5,-6.0,0,0.0,1,0.5,1,0,,,0
1959,113,Kurtis Kraft,13,2,0.0,0.0,20.0769,18.4615,1.6154,0,0.0,7,0.5385,0,0,7,0,0
1959,119,Moore,1,1,0.0,0.0,7.0,12.0,-5.0,0,0.0,0,0.0,0,0,,,0
1959,114,Kuzma,5,1,0.0,0.0,17.2,15.4,1.8,0,0.0,3,0.6,0,0,,,0
1959,120,Dunn,1,1,0.0,0.0,23.0,13.0,10.0,0,0.0,0,0.0,0,0,,,0
1959,121,Elder,1,1,0.0,0.0,32.0,23.0,9.0,0,0.0,1,1.0,0,0,,,0
1959,115,Christensen,1,1,0.0,0.0,14.0,27.0,-13.0,0,0.0,1,1.0,0,0,,,0
1959,122,Sutton,1,1,0.0,0.0,31.0,30.0,1.0,0,0.0,1,1.0,0,0,,,0
1959,117,Aston Martin,8,4,0.0,0.0,11.5,11.125,0.375,0,0.0,4,0.5,0,0,5,0,0
1959,123,Fry,1,1,0.0,0.0,0.0,27.0,-27.0,0,0.0,1,1.0,0,0,16,0,0
1959,118,Vanwall,1,1,0.0,0.0,17.0,24.0,-7.0,0,0.0,1,1.0,0,0,15,0,0
1959,101,JBW,1,1,0.0,0.0,14.0,22.0,-8.0,0,0.0,1,1.0,0,0,14,0,0
1959,169,Cooper-Borgward,3,2,0.0,0.0,16.3333,13.0,3.3333,0,0.0,1,0.3333,0,0,10,0,0
1959,124,Tec-Mec,1,1,0.0,0.0,17.0,13.0,4.0,0,0.0,1,1.0,0,0,12,0,0
1959,168,Cooper-OSCA,1,1,0.0,0.0,14.0,11.0,3.0,0,0.0,1,1.0,0,0,11,0,0
1959,125,Connaught,1,1,0.0,0.0,13.0,18.0,-5.0,0,0.0,1,1.0,0,0,13,0,0
1958,87,Cooper,42,10,38.0,3.8,12.8333,10.9762,1.8571,0,0.0,15,0.3571,5,2,3,31,0
1958,105,Maserati,53,10,9.0,0.9,11.3585,13.4906,-2.1321,0,0.0,32,0.6038,0,0,5,6,0
1958,6,Ferrari,34,10,93.0,9.3,5.7941,7.4706,-1.6765,0,0.0,13,0.3824,14,2,2,40,0
1958,32,Team Lotus,19,9,3.0,0.3333,15.1053,12.0526,3.0526,0,0.0,10,0.5263,0,0,6,3,0
1958,118,Vanwall,27,9,68.0,7.5556,4.7407,10.037,-5.2963,0,0.0,16,0.5926,9,6,1,48,0
1958,66,BRM,23,9,24.0,2.6667,7.087,12.0435,-4.9565,0,0.0,14,0.6087,2,0,4,18,0
1958,127,OSCA,2,1,0.0,0.0,0.0,24.5,-24.5,0,0.0,2,1.0,0,0,9,0,0
1958,125,Connaught,5,2,0.0,0.0,7.2,21.2,-14.0,0,0.0,5,1.0,0,0,8,0,0
1958,95,Porsche,3,2,0.0,0.0,15.0,12.0,3.0,0,0.0,1,0.3333,0,0,7,0,0
1958,110,Lesovsky,2,1,0.0,0.0,10.5,22.5,-12.0,0,0.0,2,1.0,0,0,,,0
1958,108,Epperly,4,1,20.0,20.0,15.25,3.0,12.25,0,0.0,0,0.0,2,1,,,0
1958,113,Kurtis Kraft,16,1,4.0,4.0,18.25,19.0625,-0.8125,0,0.0,11,0.6875,1,0,,,0
1958,114,Kuzma,5,1,0.0,0.0,24.0,19.8,4.2,0,0.0,4,0.8,0,0,,,0
1958,109,Phillips,1,1,0.0,0.0,13.0,7.0,6.0,0,0.0,0,0.0,0,0,,,0
1958,107,Watson,4,1,0.0,0.0,6.25,17.25,-11.0,0,0.0,2,0.5,0,0,,,0
1958,120,Dunn,1,1,0.0,0.0,29.0,24.0,5.0,0,0.0,1,1.0,0,0,,,0
1957,105,Maserati,61,7,78.0,11.1429,9.2623,9.9836,-0.7213,0,0.0,30,0.4918,10,4,,,0
1957,6,Ferrari,32,7,48.0,6.8571,7.2812,7.0938,0.1875,0,0.0,12,0.375,7,0,,,0
1957,87,Cooper,16,5,2.0,0.4,15.8125,12.875,2.9375,0,0.0,8,0.5,0,0,,,0
1957,66,BRM,6,3,0.0,0.0,10.3333,13.5,-3.1667,0,0.0,6,1.0,0,0,,,0
1957,118,Vanwall,18,6,37.0,6.1667,4.4444,8.0,-3.5556,0,0.0,8,0.4444,5,4,,,0
1957,125,Connaught,2,1,3.0,3.0,14.5,7.5,7.0,0,0.0,1,0.5,0,0,,,0
1957,110,Lesovsky,2,1,0.0,0.0,19.0,20.0,-1.0,0,0.0,1,0.5,0,0,,,0
1957,108,Epperly,2,1,15.0,15.0,22.5,1.5,21.0,0,0.0,0,0.0,2,1,,,0
1957,114,Kuzma,4,1,4.0,4.0,13.25,13.0,0.25,0,0.0,1,0.25,1,0,,,0
1957,113,Kurtis Kraft,22,1,5.0,5.0,17.0909,18.4091,-1.3182,0,0.0,12,0.5455,0,0,,,0
1957,109,Phillips,1,1,0.0,0.0,16.0,9.0,7.0,0,0.0,0,0.0,0,0,,,0
1957,107,Watson,1,1,0.0,0.0,3.0,31.0,-28.0,0,0.0,1,1.0,0,0,,,0
1957,120,Dunn,1,1,0.0,0.0,30.0,21.0,9.0,0,0.0,1,1.0,0,0,,,0
1957,95,Porsche,3,1,0.0,0.0,15.6667,14.3333,1.3333,0,0.0,1,0.3333,0,0,,,0
1956,105,Maserati,69,7,73.0,10.4286,11.6957,9.9275,1.7681,0,0.0,33,0.4783,11,2,,,0
1956,6,Ferrari,43,7,83.0,11.8571,5.3953,8.5116,-3.1163,0,0.0,20,0.4651,14,6,,,0
1956,118,Vanwall,14,5,3.0,0.6,6.9286,14.5,-7.5714,0,0.0,11,0.7857,0,0,,,0
1956,128,Gordini,15,5,2.0,0.4,16.3333,12.0,4.3333,0,0.0,7,0.4667,0,0,,,0
1956,66,BRM,5,2,0.0,0.0,5.8,19.8,-14.0,0,0.0,5,1.0,0,0,,,0
1956,113,Kurtis Kraft,24,1,12.0,12.0,15.2917,19.25,-3.9583,0,0.0,14,0.5833,1,0,,,0
1956,114,Kuzma,6,1,0.0,0.0,21.6667,16.5,5.1667,0,0.0,1,0.1667,0,0,,,0
1956,109,Phillips,1,1,4.0,4.0,26.0,3.0,23.0,0,0.0,0,0.0,1,0,,,0
1956,107,Watson,1,1,8.0,8.0,1.0,1.0,0.0,0,0.0,0,0.0,1,1,,,0
1956,110,Lesovsky,1,1,0.0,0.0,21.0,9.0,12.0,0,0.0,0,0.0,0,0,,,0
1956,129,Stevens,1,1,0.0,0.0,30.0,10.0,20.0,0,0.0,0,0.0,0,0,,,0
1956,125,Connaught,7,3,9.0,3.0,16.5714,12.2857,4.2857,0,0.0,4,0.5714,1,0,,,0
1956,130,Bugatti,1,1,0.0,0.0,18.0,17.0,1.0,0,0.0,1,1.0,0,0,,,0
1956,99,Emeryson,1,1,0.0,0.0,23.0,25.0,-2.0,0,0.0,1,1.0,0,0,,,0
1956,87,Cooper,1,1,0.0,0.0,22.0,11.0,11.0,0,0.0,0,0.0,0,0,,,0
1955,6,Ferrari,31,6,33.0,5.5,8.6452,8.0968,0.5484,0,0.0,10,0.3226,9,1,,,0
1955,131,Mercedes,24,6,79.0,13.1667,4.375,7.375,-3.0,0,0.0,9,0.375,10,5,,,0
1955,105,Maserati,51,6,23.0,3.8333,12.098,10.5098,1.5882,0,0.0,28,0.549,3,0,,,0
1955,132,Lancia,9,3,8.0,2.6667,7.7778,10.3333,-2.5556,0,0.0,6,0.6667,1,0,,,0
1955,128,Gordini,15,5,0.0,0.0,15.8667,14.0,1.8667,0,0.0,11,0.7333,0,0,,,0
1955,118,Vanwall,7,4,0.0,0.0,12.5714,14.8571,-2.2857,0,0.0,5,0.7143,0,0,,,0
1955,133,HWM,1,1,0.0,0.0,0.0,22.0,-22.0,0,0.0,1,1.0,0,0,,,0
1955,114,Kuzma,4,1,3.0,3.0,23.0,16.75,6.25,0,0.0,2,0.5,0,0,,,0
1955,108,Epperly,1,1,0.0,0.0,20.0,14.0,6.0,0,0.0,0,0.0,0,0,,,0
1955,111,Trevis,2,1,0.0,0.0,31.5,15.5,16.0,0,0.0,1,0.5,0,0,,,0
1955,113,Kurtis Kraft,23,1,21.0,21.0,13.7826,14.5652,-0.7826,0,0.0,11,0.4783,4,1,,,0
1955,109,Phillips,1,1,0.0,0.0,21.0,15.0,6.0,0,0.0,1,1.0,0,0,,,0
1955,135,Pawl,1,1,0.0,0.0,13.0,22.0,-9.0,0,0.0,1,1.0,0,0,,,0
1955,136,Pankratz,1,1,0.0,0.0,15.0,33.0,-18.0,0,0.0,1,1.0,0,0,,,0
1955,134,Schroeder,1,1,0.0,0.0,28.0,20.0,8.0,0,0.0,1,1.0,0,0,,,0
1955,129,Stevens,1,1,0.0,0.0,1.0,31.0,-30.0,0,0.0,1,1.0,0,0,,,0
1955,87,Cooper,1,1,0.0,0.0,25.0,12.0,13.0,0,0.0,1,1.0,0,0,,,0
1955,125,Connaught,5,1,0.0,0.0,17.0,19.2,-2.2,0,0.0,5,1.0,0,0,,,0
1955,137,Arzani-Volpini,1,1,0.0,0.0,0.0,23.0,-23.0,0,0.0,1,1.0,0,0,,,0
1954,6,Ferrari,47,8,81.0,10.125,8.4894,9.4894,-1.0,0,0.0,22,0.4681,14,2,,,0
1954,105,Maserati,67,8,46.0,5.75,12.209,11.791,0.4179,0,0.0,38,0.5672,5,2,,,0
1954,128,Gordini,25,8,4.0,0.5,13.84,13.44,0.4,0,0.0,19,0.76,0,0,,,0
1954,135,Pawl,2,1,0.0,0.0,16.0,22.0,-6.0,0,0.0,2,1.0,0,0,,,0
1954,113,Kurtis Kraft,35,1,19.0,19.0,18.5429,16.0286,2.5143,0,0.0,13,0.3714,2,1,,,0
1954,138,Nichels,3,1,0.0,0.0,4.0,24.0,-20.0,0,0.0,3,1.0,0,0,,,0
1954,114,Kuzma,4,1,6.0,6.0,8.75,9.75,-1.0,0,0.0,0,0.0,1,0,,,0
1954,109,Phillips,1,1,0.0,0.0,6.0,7.0,-1.0,0,0.0,0,0.0,0,0,,,0
1954,136,Pankratz,1,1,0.0,0.0,7.0,17.0,-10.0,0,0.0,0,0.0,0,0,,,0
1954,129,Stevens,3,1,0.0,0.0,25.0,15.3333,9.6667,0,0.0,0,0.0,0,0,,,0
1954,134,Schroeder,4,1,0.0,0.0,24.5,28.0,-3.5,0,0.0,4,1.0,0,0,,,0
1954,139,Bromme,2,1,0.0,0.0,29.0,30.0,-1.0,0,0.0,2,1.0,0,0,,,0
1954,131,Mercedes,18,6,60.0,10.0,6.0,6.2222,-0.2222,0,0.0,6,0.3333,7,4,,,0
1954,133,HWM,1,1,0.0,0.0,15.0,17.0,-2.0,0,0.0,1,1.0,0,0,,,0
1954,87,Cooper,6,1,0.0,0.0,23.6667,24.1667,-0.5,0,0.0,4,0.6667,0,0,,,0
1954,118,Vanwall,3,3,0.0,0.0,9.0,18.3333,-9.3333,0,0.0,2,0.6667,0,0,,,0
1954,125,Connaught,5,1,0.0,0.0,20.4,15.4,5.0,0,0.0,2,0.4,0,0,,,0
1954,140,Klenk,1,1,0.0,0.0,21.0,14.0,7.0,0,0.0,1,1.0,0,0,,,0
1954,132,Lancia,2,1,1.0,1.0,3.0,19.5,-16.5,0,0.0,2,1.0,0,0,,,0
1953,128,Gordini,27,8,4.0,0.5,12.5926,14.3704,-1.7778,0,0.0,16,0.5926,0,0,,,0
1953,105,Maserati,45,8,67.0,8.375,8.6,9.5778,-0.9778,0,0.0,21,0.4667,9,1,,,0
1953,6,Ferrari,48,8,122.0,15.25,7.625,7.9167,-0.2917,0,0.0,12,0.25,16,7,,,0
1953,141,Simca,2,2,0.0,0.0,17.0,17.0,0.0,0,0.0,2,1.0,0,0,,,0
1953,87,Cooper,19,7,0.0,0.0,15.5263,13.5263,2.0,0,0.0,9,0.4737,0,0,,,0
1953,113,Kurtis Kraft,32,1,25.0,25.0,15.125,14.125,1.0,0,0.0,17,0.5312,4,1,,,0
1953,143,Del Roy,1,1,0.0,0.0,33.0,32.0,1.0,0,0.0,1,1.0,0,0,,,0
1953,110,Lesovsky,1,1,0.0,0.0,27.0,24.0,3.0,0,0.0,1,1.0,0,0,,,0
1953,114,Kuzma,7,1,0.0,0.0,13.0,15.8571,-2.8571,0,0.0,7,1.0,0,0,,,0
1953,134,Schroeder,1,1,0.0,0.0,31.0,14.0,17.0,0,0.0,0,0.0,0,0,,,0
1953,107,Watson,1,1,0.0,0.0,15.0,27.0,-12.0,0,0.0,1,1.0,0,0,,,0
1953,129,Stevens,2,1,0.0,0.0,12.5,20.5,-8.0,0,0.0,1,0.5,0,0,,,0
1953,142,Turner,1,1,0.0,0.0,23.0,21.0,2.0,0,0.0,1,1.0,0,0,,,0
1953,139,Bromme,1,1,0.0,0.0,11.0,31.0,-20.0,0,0.0,1,1.0,0,0,,,0
1953,125,Connaught,21,6,0.0,0.0,17.2857,18.619,-1.3333,0,0.0,16,0.7619,0,0,,,0
1953,133,HWM,18,6,0.0,0.0,18.6111,17.2222,1.3889,0,0.0,12,0.6667,0,0,,,0
1953,144,Veritas,8,2,0.0,0.0,25.75,21.0,4.75,0,0.0,5,0.625,0,0,,,0
1953,127,OSCA,4,2,0.0,0.0,19.5,17.75,1.75,0,0.0,2,0.5,0,0,,,0
1953,146,EMW,1,1,0.0,0.0,24.0,20.0,4.0,0,0.0,1,1.0,0,0,,,0
1953,145,BMW,2,1,0.0,0.0,29.0,14.5,14.5,0,0.0,0,0.0,0,0,,,0
1953,147,AFM,4,2,0.0,0.0,25.75,25.75,0.0,0,0.0,3,0.75,0,0,,,0
1952,133,HWM,25,7,2.0,0.2857,12.4,16.16,-3.76,0,0.0,14,0.56,0,0,,,0
1952,105,Maserati,25,6,8.0,1.3333,16.32,16.08,0.24,0,0.0,14,0.56,1,0,,,0
1952,128,Gordini,20,7,15.0,2.1429,7.3,12.85,-5.55,0,0.0,10,0.5,2,0,,,0
1952,6,Ferrari,49,8,120.0,15.0,8.9184,10.551,-1.6327,0,0.0,17,0.3469,17,7,,,0
1952,148,Frazer Nash,4,4,3.0,0.75,13.0,13.5,-0.5,0,0.0,2,0.5,0,0,,,0
1952,141,Simca,9,6,2.0,0.3333,14.6667,15.6667,-1.0,0,0.0,5,0.5556,0,0,,,0
1952,87,Cooper,16,6,12.0,2.0,12.625,11.625,1.0,0,0.0,3,0.1875,1,0,,,0
1952,147,AFM,3,2,0.0,0.0,15.0,13.6667,1.3333,0,0.0,2,0.6667,0,0,,,0
1952,144,Veritas,9,3,0.0,0.0,15.1111,17.0,-1.8889,0,0.0,5,0.5556,0,0,,,0
1952,113,Kurtis Kraft,21,1,13.0,13.0,15.9524,16.7143,-0.7619,0,0.0,9,0.4286,2,0,,,0
1952,111,Trevis,1,1,0.0,0.0,24.0,16.0,8.0,0,0.0,0,0.0,0,0,,,0
1952,110,Lesovsky,3,1,3.0,3.0,15.3333,14.3333,1.0,0,0.0,0,0.0,0,0,,,0
1952,114,Kuzma,1,1,8.0,8.0,7.0,1.0,6.0,0,0.0,0,0.0,1,1,,,0
1952,150,Deidt,1,1,0.0,0.0,30.0,24.0,6.0,0,0.0,1,1.0,0,0,,,0
1952,139,Bromme,1,1,0.0,0.0,29.0,22.0,7.0,0,0.0,1,1.0,0,0,,,0
1952,107,Watson,1,1,0.0,0.0,26.0,12.0,14.0,0,0.0,0,0.0,0,0,,,0
1952,129,Stevens,2,1,0.0,0.0,16.0,23.0,-7.0,0,0.0,1,0.5,0,0,,,0
1952,149,Sherman,1,1,0.0,0.0,13.0,15.0,-2.0,0,0.0,0,0.0,0,0,,,0
1952,151,ERA,3,3,0.0,0.0,14.6667,19.3333,-4.6667,0,0.0,3,1.0,0,0,,,0
1952,152,Aston Butterworth,4,4,0.0,0.0,9.0,25.25,-16.25,0,0.0,4,1.0,0,0,,,0
1952,126,Alta,2,2,0.0,0.0,12.5,14.0,-1.5,0,0.0,1,0.5,0,0,,,0
1952,125,Connaught,8,3,5.0,1.6667,9.25,12.125,-2.875,0,0.0,3,0.375,0,0,,,0
1952,145,BMW,4,1,0.0,0.0,26.75,16.75,10.0,0,0.0,3,0.75,0,0,,,0
1952,127,OSCA,1,1,0.0,0.0,10.0,24.0,-14.0,0,0.0,1,1.0,0,0,,,0
1952,153,Cisitalia,1,1,0.0,0.0,0.0,34.0,-34.0,0,0.0,1,1.0,0,0,,,0
1951,133,HWM,2,1,0.0,0.0,17.0,12.5,4.5,0,0.0,1,0.5,0,0,,,0
1951,154,Talbot-Lago,45,7,5.0,0.7143,14.2222,11.8444,2.3778,0,0.0,21,0.4667,0,0,,,0
1951,105,Maserati,14,6,0.0,0.0,17.8571,18.3571,-0.5,0,0.0,11,0.7857,0,0,,,0
1951,51,Alfa Romeo,30,7,75.0,10.7143,4.4,7.1333,-2.7333,0,0.0,8,0.2667,11,5,,,0
1951,6,Ferrari,33,7,86.0,12.2857,6.1818,7.6364,-1.4545,0,0.0,10,0.303,13,3,,,0
1951,144,Veritas,1,1,0.0,0.0,16.0,21.0,-5.0,0,0.0,1,1.0,0,0,,,0
1951,139,Bromme,1,1,0.0,0.0,25.0,27.0,-2.0,0,0.0,1,1.0,0,0,,,0
1951,150,Deidt,4,1,0.0,0.0,10.25,15.5,-5.25,0,0.0,3,0.75,0,0,,,0
1951,156,Marchese,1,1,0.0,0.0,19.0,20.0,-1.0,0,0.0,1,1.0,0,0,,,0
1951,113,Kurtis Kraft,17,1,19.0,19.0,11.7059,14.2353,-2.5294,0,0.0,12,0.7059,4,1,,,0
1951,149,Sherman,1,1,3.0,3.0,31.0,4.0,27.0,0,0.0,0,0.0,0,0,,,0
1951,134,Schroeder,2,1,2.0,2.0,30.5,14.5,16.0,0,0.0,1,0.5,0,0,,,0
1951,135,Pawl,1,1,0.0,0.0,27.0,16.0,11.0,0,0.0,1,1.0,0,0,,,0
1951,114,Kuzma,1,1,0.0,0.0,14.0,15.0,-1.0,0,0.0,1,1.0,0,0,,,0
1951,111,Trevis,1,1,0.0,0.0,20.0,29.0,-9.0,0,0.0,1,1.0,0,0,,,0
1951,110,Lesovsky,1,1,0.0,0.0,21.0,30.0,-9.0,0,0.0,1,1.0,0,0,,,0
1951,107,Watson,1,1,0.0,0.0,30.0,33.0,-3.0,0,0.0,1,1.0,0,0,,,0
1951,119,Moore,1,1,0.0,0.0,17.0,6.0,11.0,0,0.0,0,0.0,0,0,,,0
1951,155,Hall,1,1,0.0,0.0,33.0,19.0,14.0,0,0.0,1,1.0,0,0,,,0
1951,141,Simca,13,4,0.0,0.0,13.8462,13.3077,0.5385,0,0.0,10,0.7692,0,0,,,0
1951,151,ERA,2,1,0.0,0.0,11.0,9.5,1.5,0,0.0,0,0.0,0,0,,,0
1951,66,BRM,4,2,2.0,1.0,14.25,13.75,0.5,0,0.0,2,0.5,0,0,,,0
1951,126,Alta,1,1,0.0,0.0,18.0,15.0,3.0,0,0.0,1,1.0,0,0,,,0
1951,127,OSCA,1,1,0.0,0.0,18.0,9.0,9.0,0,0.0,0,0.0,0,0,,,0
1950,51,Alfa Romeo,22,6,89.0,14.8333,2.8636,6.4545,-3.5909,0,0.0,9,0.4091,12,6,,,0
1950,105,Maserati,35,7,11.0,1.5714,14.2571,13.3429,0.9143,0,0.0,21,0.6,1,0,,,0
1950,151,ERA,8,3,0.0,0.0,13.875,13.25,0.625,0,0.0,5,0.625,0,0,,,0
1950,154,Talbot-Lago,37,6,20.0,3.3333,11.1622,9.9459,1.2162,0,0.0,19,0.5135,2,0,,,0
1950,126,Alta,3,2,0.0,0.0,16.0,12.6667,3.3333,0,0.0,2,0.6667,0,0,,,0
1950,141,Simca,5,3,3.0,1.0,11.6,15.8,-4.2,0,0.0,4,0.8,0,0,,,0
1950,87,Cooper,1,1,0.0,0.0,20.0,19.0,1.0,0,0.0,1,1.0,0,0,,,0
1950,6,Ferrari,15,5,21.0,4.2,10.0667,9.4667,0.6,0,0.0,7,0.4667,4,0,,,0
1950,160,Wetteroth,1,1,0.0,0.0,28.0,24.0,4.0,0,0.0,0,0.0,0,0,,,0
1950,129,Stevens,1,1,0.0,0.0,13.0,12.0,1.0,0,0.0,0,0.0,0,0,,,0
1950,157,Langley,1,1,0.0,0.0,31.0,16.0,15.0,0,0.0,0,0.0,0,0,,,0
1950,110,Lesovsky,2,1,0.0,0.0,14.0,11.5,2.5,0,0.0,0,0.0,0,0,,,0
1950,113,Kurtis Kraft,15,1,14.0,14.0,14.2,15.8,-1.6,0,0.0,5,0.3333,1,1,,,0
1950,150,Deidt,3,1,10.0,10.0,7.0,12.0,-5.0,0,0.0,1,0.3333,2,0,,,0
1950,107,Watson,1,1,0.0,0.0,18.0,32.0,-14.0,0,0.0,1,1.0,0,0,,,0
1950,138,Nichels,1,1,0.0,0.0,19.0,9.0,10.0,0,0.0,0,0.0,0,0,,,0
1950,116,Ewing,1,1,0.0,0.0,27.0,17.0,10.0,0,0.0,0,0.0,0,0,,,0
1950,162,Snowberger,1,1,0.0,0.0,22.0,26.0,-4.0,0,0.0,1,1.0,0,0,,,0
1950,119,Moore,1,1,0.0,0.0,23.0,6.0,17.0,0,0.0,0,0.0,0,0,,,0
1950,156,Marchese,1,1,0.0,0.0,16.0,11.0,5.0,0,0.0,0,0.0,0,0,,,0
1950,158,Rae,1,1,0.0,0.0,29.0,22.0,7.0,0,0.0,0,0.0,0,0,,,0
1950,159,Olson,1,1,0.0,0.0,30.0,23.0,7.0,0,0.0,1,1.0,0,0,,,0
1950,161,Adams,2,1,0.0,0.0,17.0,27.0,-10.0,0,0.0,2,1.0,0,0,,,0
1950,163,Milano,1,1,0.0,0.0,23.0,27.0,-4.0,0,0.0,1,1.0,0,0,,,0
2011,1,McLaren,38,19,497.0,26.1579,4.0263,5.8421,-1.8158,37,0.9737,5,0.1316,18,6,2,497,1
2011,4,Renault,38,19,73.0,3.8421,11.5526,12.6579,-1.1053,14,0.3684,7,0.1842,2,0,5,73,0
2011,131,Mercedes,38,19,165.0,8.6842,8.9211,10.4211,-1.5,26,0.6842,7,0.1842,0,0,4,165,0
2011,6,Ferrari,38,19,375.0,19.7368,5.1842,6.5526,-1.3684,37,0.9737,4,0.1053,10,1,3,375,0
2011,205,Lotus,38,19,0.0,0.0,18.6842,17.8158,0.8684,0,0.0,9,0.2368,0,0,10,0,0
2011,166,Virgin,38,19,0.0,0.0,21.3158,18.9474,2.3684,0,0.0,8,0.2105,0,0,12,0,0
2011,10,Force India,38,19,69.0,3.6316,11.6316,11.3158,0.3158,6,0.1579,4,0.1053,0,0,6,69,0
2011,9,Red Bull,38,19,650.0,34.2105,2.5263,3.4737,-0.9474,37,0.9737,2,0.0526,27,12,1,650,0
2011,3,Williams,38,19,5.0,0.2632,14.7105,15.6053,-0.8947,3,0.0789,10,0.2632,0,0,9,5,0
2011,164,HRT,38,19,0.0,0.0,21.3421,20.1053,1.2368,0,0.0,8,0.2105,0,0,11,0,0
2011,5,Toro Rosso,38,19,41.0,2.1579,14.6053,13.8158,0.7895,4,0.1053,9,0.2368,0,0,8,41,0
2011,15,Sauber,38,19,44.0,2.3158,13.6316,13.4474,0.1842,4,0.1053,9,0.2368,0,0,7,44,0
2012,1,McLaren,40,20,378.0,18.9,5.375,9.075,-3.7,35,0.875,10,0.25,13,7,3,378,1
2012,131,Mercedes,40,20,142.0,7.1,9.525,12.575,-3.05,22,0.55,10,0.25,3,1,5,142,0
2012,6,Ferrari,40,20,400.0,20.0,7.975,6.825,1.15,27,0.675,3,0.075,15,3,2,400,0
2012,207,Caterham,40,20,0.0,0.0,18.7,16.75,1.95,0,0.0,4,0.1,0,0,10,0,0
2012,208,Lotus F1,40,20,303.0,15.15,7.775,9.15,-1.375,30,0.75,7,0.175,10,1,4,303,0
2012,206,Marussia,40,20,0.0,0.0,20.35,18.05,2.3,0,0.0,7,0.175,0,0,11,0,0
2012,9,Red Bull,40,20,460.0,23.0,5.45,6.475,-1.025,32,0.8,5,0.125,14,7,1,460,0
2012,164,HRT,40,20,0.0,0.0,21.35,20.475,0.875,0,0.0,13,0.325,0,0,12,0,0
2012,15,Sauber,40,20,126.0,6.3,11.9,12.55,-0.65,12,0.3,10,0.25,4,0,6,126,0
2012,10,Force India,40,20,109.0,5.45,11.45,11.075,0.375,14,0.35,5,0.125,0,0,7,109,0
2012,3,Williams,40,20,76.0,3.8,12.55,13.675,-1.125,14,0.35,12,0.3,1,1,8,76,0
2012,5,Toro Rosso,40,20,26.0,1.3,15.825,13.325,2.5,1,0.025,5,0.125,0,0,9,26,0
2013,131,Mercedes,38,19,360.0,18.9474,3.8684,6.6842,-2.8158,35,0.9211,4,0.1053,9,3,2,360,0
2013,6,Ferrari,38,19,354.0,18.6316,6.9737,6.8684,0.1053,33,0.8684,3,0.0789,10,2,3,354,0
2013,208,Lotus F1,38,19,315.0,16.5789,8.2895,8.5263,-0.2368,29,0.7632,7,0.1842,14,1,4,315,0
2013,10,Force India,38,19,77.0,4.0526,12.7895,12.9474,-0.1579,10,0.2632,11,0.2895,0,0,6,77,0
2013,9,Red Bull,38,19,596.0,31.3684,3.7368,4.8158,-1.0789,35,0.9211,5,0.1316,24,13,1,596,0
2013,1,McLaren,38,19,122.0,6.4211,10.7368,9.6316,1.1053,17,0.4474,3,0.0789,0,0,5,122,1
2013,15,Sauber,38,19,57.0,3.0,12.9737,12.7105,0.2632,9,0.2368,6,0.1579,0,0,7,57,0
2013,3,Williams,38,19,5.0,0.2632,15.4737,14.5263,0.9474,2,0.0526,5,0.1316,0,0,9,5,0
2013,5,Toro Rosso,38,19,33.0,1.7368,11.9474,14.0,-2.0526,13,0.3421,9,0.2368,0,0,8,33,0
2013,207,Caterham,38,19,0.0,0.0,19.6053,17.8947,1.7105,0,0.0,8,0.2105,0,0,11,0,0
2013,206,Marussia,38,19,0.0,0.0,20.1053,17.8947,2.2105,0,0.0,3,0.0789,0,0,10,0,0
2014,131,Mercedes,38,19,701.0,36.8947,2.9474,4.2105,-1.2632,35,0.9211,5,0.1316,31,16,1,701,0
2014,6,Ferrari,38,19,216.0,11.3684,7.9474,8.4737,-0.5263,31,0.8158,3,0.0789,2,0,4,216,0
2014,3,Williams,38,19,320.0,16.8421,6.8421,7.8158,-0.9737,31,0.8158,5,0.1316,9,0,3,320,0
2014,15,Sauber,38,19,0.0,0.0,15.1842,16.2105,-1.0263,1,0.0263,15,0.3947,0,0,10,0,0
2014,1,McLaren,38,19,181.0,9.5263,8.6316,8.9474,-0.3158,27,0.7105,3,0.0789,2,0,5,181,1
2014,9,Red Bull,38,19,405.0,21.3158,7.0263,6.7368,0.2895,30,0.7895,6,0.1579,12,3,2,405,0
2014,208,Lotus F1,38,19,10.0,0.5263,16.3158,15.1579,1.1579,2,0.0526,12,0.3158,0,0,8,10,0
2014,207,Caterham,34,17,0.0,0.0,19.4412,17.8235,1.6176,0,0.0,13,0.3824,0,0,11,0,0
2014,10,Force India,38,19,155.0,8.1579,11.5,9.9737,1.5263,11,0.2895,7,0.1842,1,0,6,155,0
2014,5,Toro Rosso,38,19,30.0,1.5789,11.4474,13.2895,-1.8421,16,0.4211,10,0.2632,0,0,7,30,0
2014,206,Marussia,31,16,2.0,0.125,18.6774,16.8065,1.871,0,0.0,7,0.2258,0,0,9,2,0
2015,131,Mercedes,38,19,703.0,37.0,1.8158,3.2105,-1.3947,36,0.9474,2,0.0526,32,16,1,703,0
2015,6,Ferrari,38,19,428.0,22.5263,6.3947,6.0263,0.3684,30,0.7895,7,0.1842,16,3,2,428,0
2015,3,Williams,38,19,257.0,13.5263,6.7368,8.5,-1.7632,32,0.8421,7,0.1842,4,0,3,257,0
2015,1,McLaren,38,19,27.0,1.4211,15.8421,14.4737,1.3684,0,0.0,14,0.3684,0,0,9,27,1
2015,208,Lotus F1,38,19,78.0,4.1053,11.0526,12.5263,-1.4737,15,0.3947,16,0.4211,1,0,6,78,0
2015,10,Force India,38,19,136.0,7.1579,10.0789,10.5263,-0.4474,16,0.4211,7,0.1842,1,0,5,136,0
2015,9,Red Bull,38,19,187.0,9.8421,8.8947,9.0,-0.1053,27,0.7105,6,0.1579,3,0,4,187,0
2015,15,Sauber,38,19,36.0,1.8947,13.9474,12.5526,1.3947,5,0.1316,6,0.1579,0,0,8,36,0
2015,5,Toro Rosso,38,19,67.0,3.5263,11.3421,11.8947,-0.5526,16,0.4211,12,0.3158,0,0,7,67,0
2015,209,Manor Marussia,36,18,0.0,0.0,17.4444,16.1111,1.3333,0,0.0,4,0.1111,0,0,10,0,0
2016,131,Mercedes,42,21,765.0,36.4286,2.9762,3.4762,-0.5,39,0.9286,3,0.0714,33,19,1,765,0
2016,1,McLaren,42,21,76.0,3.619,12.5714,12.7143,-0.1429,12,0.2857,10,0.2381,0,0,6,76,1
2016,6,Ferrari,42,21,398.0,18.9524,5.6905,7.4048,-1.7143,40,0.9524,8,0.1905,11,0,3,398,0
2016,3,Williams,42,21,138.0,6.5714,9.0714,10.5238,-1.4524,26,0.619,6,0.1429,1,0,5,138,0
2016,210,Haas F1 Team,42,21,29.0,1.381,14.0,14.4524,-0.4524,4,0.0952,10,0.2381,0,0,8,29,0
2016,10,Force India,42,21,173.0,8.2381,9.0714,9.9524,-0.881,29,0.6905,6,0.1429,2,0,4,173,0
2016,9,Red Bull,42,21,468.0,22.2857,4.8095,5.7381,-0.9286,39,0.9286,3,0.0714,16,2,2,468,0
2016,4,Renault,42,21,8.0,0.381,17.1905,15.5238,1.6667,0,0.0,11,0.2619,0,0,9,8,0
2016,15,Sauber,42,21,2.0,0.0952,18.1667,15.9286,2.2381,0,0.0,9,0.2143,0,0,10,2,0
2016,5,Toro Rosso,42,21,63.0,3.0,12.0238,13.1667,-1.1429,15,0.3571,10,0.2381,0,0,7,63,0
2016,209,Manor Marussia,42,21,1.0,0.0476,19.1429,17.619,1.5238,0,0.0,8,0.1905,0,0,11,1,0
2017,131,Mercedes,40,20,668.0,33.4,3.475,3.175,0.3,38,0.95,1,0.025,26,12,1,668,0
2017,1,McLaren,40,20,30.0,1.5,13.85,13.85,0.0,13,0.325,18,0.45,0,0,9,30,1
2017,6,Ferrari,40,20,522.0,26.1,3.45,5.475,-2.025,39,0.975,6,0.15,20,5,2,522,0
2017,3,Williams,40,20,83.0,4.15,12.425,11.5,0.925,14,0.35,8,0.2,1,0,5,83,0
2017,210,Haas F1 Team,40,20,47.0,2.35,13.7,12.55,1.15,5,0.125,8,0.2,0,0,8,47,0
2017,4,Renault,40,20,57.0,2.85,11.75,13.25,-1.5,16,0.4,14,0.35,0,0,6,57,0
2017,10,Force India,40,20,187.0,9.35,9.175,8.35,0.825,28,0.7,3,0.075,0,0,4,187,0
2017,9,Red Bull,40,20,368.0,18.4,6.55,8.65,-2.1,37,0.925,13,0.325,13,3,3,368,0
2017,5,Toro Rosso,40,20,53.0,2.65,13.525,13.1,0.425,7,0.175,13,0.325,0,0,7,53,0
2017,15,Sauber,40,20,5.0,0.25,16.675,15.1,1.575,0,0.0,11,0.275,0,0,10,5,0
2018,131,Mercedes,42,21,655.0,31.1905,3.4286,3.8571,-0.4286,39,0.9286,3,0.0714,25,11,1,655,0
2018,1,McLaren,42,21,62.0,2.9524,14.4048,12.7619,1.6429,2,0.0476,11,0.2619,0,0,6,62,1
2018,6,Ferrari,42,21,571.0,27.1905,3.3095,4.9286,-1.619,42,1.0,5,0.119,24,6,2,571,0
2018,210,Haas F1 Team,42,21,93.0,4.4286,10.2143,11.9762,-1.7619,25,0.5952,9,0.2143,0,0,5,93,0
2018,4,Renault,42,21,122.0,5.8095,10.6429,11.0714,-0.4286,24,0.5714,9,0.2143,0,0,4,122,0
2018,10,Force India,42,21,111.0,5.2857,10.6905,11.1905,-0.5,22,0.5238,8,0.1905,1,0,7,52,0
2018,9,Red Bull,42,21,419.0,19.9524,7.619,7.6429,-0.0238,33,0.7857,12,0.2857,13,4,3,419,0
2018,15,Sauber,42,21,48.0,2.2857,13.8333,12.7857,1.0476,11,0.2619,10,0.2381,0,0,8,48,0
2018,3,Williams,42,21,7.0,0.3333,16.3333,14.9048,1.4286,1,0.0238,6,0.1429,0,0,10,7,0
2018,5,Toro Rosso,42,21,33.0,1.5714,14.0476,13.881,0.1667,8,0.1905,12,0.2857,0,0,9,33,0
2019,131,Mercedes,42,21,739.0,35.1905,3.0238,3.2381,-0.2143,42,1.0,2,0.0476,32,15,1,739,0
2019,51,Alfa Romeo,42,21,57.0,2.7143,12.1667,12.7381,-0.5714,10,0.2381,4,0.0952,0,0,8,57,0
2019,3,Williams,42,21,1.0,0.0476,16.3571,16.4048,-0.0476,0,0.0,4,0.0952,0,0,10,1,0
2019,6,Ferrari,42,21,504.0,24.0,4.2619,6.0,-1.7381,37,0.881,6,0.1429,19,3,2,504,0
2019,210,Haas F1 Team,42,21,28.0,1.3333,11.2619,14.4048,-3.1429,15,0.3571,10,0.2381,0,0,9,28,0
2019,4,Renault,42,21,91.0,4.3333,10.5238,11.9762,-1.4524,20,0.4762,10,0.2381,0,0,5,91,0
2019,211,Racing Point,42,21,73.0,3.4762,13.7619,11.7857,1.9762,4,0.0952,5,0.119,0,0,7,73,0
2019,5,Toro Rosso,42,21,85.0,4.0476,12.381,11.5,0.881,10,0.2381,5,0.119,2,0,6,85,0
2019,9,Red Bull,42,21,417.0,19.8571,5.8095,6.2619,-0.4524,34,0.8095,4,0.0952,9,3,3,417,0
2019,1,McLaren,42,21,145.0,6.9048,9.8095,10.6905,-0.881,27,0.6429,10,0.2381,1,0,4,145,1
2020,131,Mercedes,34,17,573.0,33.7059,2.0882,3.7353,-1.6471,34,1.0,1,0.0294,25,13,1,573,0
2020,51,Alfa Romeo,34,17,8.0,0.4706,16.5588,13.8529,2.7059,2,0.0588,4,0.1176,0,0,8,8,0
2020,6,Ferrari,34,17,131.0,7.7059,10.2647,10.7059,-0.4412,14,0.4118,6,0.1765,3,0,6,131,0
2020,210,Haas F1 Team,34,17,3.0,0.1765,15.2059,15.7941,-0.5882,0,0.0,10,0.2941,0,0,9,3,0
2020,211,Racing Point,34,17,210.0,12.3529,8.2941,9.2059,-0.9118,24,0.7059,8,0.2353,4,1,4,195,0
2020,4,Renault,34,17,181.0,10.6471,8.8235,8.9412,-0.1176,20,0.5882,5,0.1471,3,0,5,181,0
2020,213,AlphaTauri,34,17,107.0,6.2941,11.2353,10.7059,0.5294,14,0.4118,5,0.1471,1,1,7,107,0
2020,9,Red Bull,34,17,319.0,18.7647,5.2059,7.7059,-2.5,31,0.9118,7,0.2059,13,2,2,319,0
2020,1,McLaren,34,17,202.0,11.8824,8.5588,8.6176,-0.0588,28,0.8235,4,0.1176,2,0,3,202,1
2020,3,Williams,34,17,0.0,0.0,16.0588,15.7353,0.3235,0,0.0,7,0.2059,0,0,10,0,0
2021,131,Mercedes,44,22,605.0,27.5,4.3409,5.4091,-1.0682,44,1.0,5,0.1136,28,9,1,614,0
2021,214,Alpine F1 Team,44,22,155.0,7.0455,10.5909,10.25,0.3409,21,0.4773,5,0.1136,2,1,5,155,0
2021,51,Alfa Romeo,44,22,13.0,0.5909,13.25,13.2045,0.0455,4,0.0909,3,0.0682,0,0,9,13,0
2021,117,Aston Martin,44,22,77.0,3.5,12.1364,12.0,0.1364,12,0.2727,8,0.1818,1,0,7,77,0
2021,9,Red Bull,44,22,578.0,26.2727,3.6364,5.8409,-2.2045,40,0.9091,6,0.1364,23,11,2,586,0
2021,1,McLaren,44,22,274.0,12.4545,8.2727,7.7955,0.4773,33,0.75,2,0.0455,5,1,4,275,1
2021,6,Ferrari,44,22,322.0,14.6364,7.1818,7.1136,0.0682,33,0.75,2,0.0455,5,0,3,324,0
2021,213,AlphaTauri,44,22,142.0,6.4545,8.9318,11.2727,-2.3409,27,0.6136,8,0.1818,1,0,6,142,0
2021,3,Williams,44,22,23.0,1.0455,14.1136,14.7273,-0.6136,4,0.0909,11,0.25,1,0,8,23,0
2021,210,Haas F1 Team,44,22,0.0,0.0,18.0227,17.3864,0.6364,0,0.0,9,0.2045,0,0,10,0,0
2022,131,Mercedes,44,22,495.0,22.5,5.9773,5.5227,0.4545,39,0.8864,3,0.0682,17,1,3,515,0
2022,214,Alpine F1 Team,44,22,170.0,7.7273,10.0682,9.8636,0.2045,27,0.6136,8,0.1818,0,0,4,173,0
2022,117,Aston Martin,44,22,55.0,2.5,13.6136,11.8864,1.7273,7,0.1591,6,0.1364,0,0,7,55,0
2022,9,Red Bull,44,22,724.0,32.9091,4.1136,4.4545,-0.3409,41,0.9318,5,0.1136,28,17,1,759,0
2022,1,McLaren,44,22,150.0,6.8182,9.7273,10.6364,-0.9091,23,0.5227,5,0.1136,1,0,5,159,1
2022,51,Alfa Romeo,44,22,53.0,2.4091,11.9091,13.2045,-1.2955,10,0.2273,11,0.25,0,0,6,55,0
2022,210,Haas F1 Team,44,22,33.0,1.5,13.0455,14.2727,-1.2273,12,0.2727,8,0.1818,0,0,8,37,0
2022,6,Ferrari,44,22,519.0,23.5909,4.3182,6.6818,-2.3636,40,0.9091,9,0.2045,20,4,2,554,0
2022,213,AlphaTauri,44,22,35.0,1.5909,11.5,13.5227,-2.0227,11,0.25,9,0.2045,0,0,9,35,0
2022,3,Williams,44,22,8.0,0.3636,16.3864,14.9545,1.4318,2,0.0455,10,0.2273,0,0,10,8,0
2023,131,Mercedes,44,22,374.0,17.0,6.2727,7.1364,-0.8636,36,0.8182,6,0.1364,8,0,2,409,0
2023,117,Aston Martin,44,22,266.0,12.0909,8.0682,8.9091,-0.8409,28,0.6364,7,0.1591,8,0,5,280,0
2023,210,Haas F1 Team,44,22,9.0,0.4091,11.1136,15.0682,-3.9545,10,0.2273,7,0.1591,0,0,10,12,0
2023,9,Red Bull,44,22,790.0,35.9091,5.3182,3.5682,1.75,32,0.7273,2,0.0455,30,21,1,860,0
2023,51,Alfa Romeo,44,22,16.0,0.7273,13.8864,14.0,-0.1136,6,0.1364,6,0.1364,0,0,9,16,0
2023,6,Ferrari,44,22,363.0,16.5,5.3182,7.8636,-2.5455,39,0.8864,8,0.1818,9,1,3,406,0
2023,214,Alpine F1 Team,44,22,110.0,5.0,10.7727,11.2727,-0.5,20,0.4545,10,0.2273,2,0,6,120,0
2023,1,McLaren,44,22,266.0,12.0909,8.7955,9.4545,-0.6591,29,0.6591,4,0.0909,9,0,4,302,1
2023,3,Williams,44,22,26.0,1.1818,13.9318,14.1136,-0.1818,8,0.1818,11,0.25,0,0,7,28,0
2023,213,AlphaTauri,44,22,22.0,1.0,13.9773,13.6136,0.3636,6,0.1364,5,0.1136,0,0,8,25,0
2024,131,Mercedes,48,24,433.0,18.0417,6.8333,6.8542,-0.0208,41,0.8542,5,0.1042,9,4,4,468,0
2024,117,Aston Martin,48,24,94.0,3.9167,11.0417,11.7708,-0.7292,22,0.4583,5,0.1042,0,0,5,94,0
2024,210,Haas F1 Team,48,24,51.0,2.125,12.7292,12.3958,0.3333,14,0.2917,5,0.1042,0,0,7,58,0
2024,9,Red Bull,48,24,537.0,22.375,6.0417,6.625,-0.5833,37,0.7708,6,0.125,18,9,3,589,0
2024,215,RB F1 Team,48,24,40.0,1.6667,12.1042,13.2917,-1.1875,15,0.3125,7,0.1458,0,0,8,46,0
2024,15,Sauber,48,24,4.0,0.1667,15.5,15.6667,-0.1667,2,0.0417,4,0.0833,0,0,10,4,0
2024,6,Ferrari,48,24,595.0,24.7917,5.25,5.1458,0.1042,39,0.8125,4,0.0833,22,5,2,652,0
2024,214,Alpine F1 Team,48,24,63.0,2.625,12.5208,13.3125,-0.7917,11,0.2292,6,0.125,2,0,6,65,0
2024,1,McLaren,48,24,609.0,25.375,4.3958,4.7083,-0.3125,45,0.9375,0,0.0,21,6,1,666,1
2024,3,Williams,47,24,17.0,0.7083,13.8936,15.1277,-1.234,8,0.1702,12,0.2553,0,0,9,17,0
2025,6,Ferrari,48,24,360.0,15.0,7.1304,7.625,-0.3913,37,0.7708,6,0.125,7,0,4,398,0
2025,117,Aston Martin,47,24,80.0,3.3333,12.8667,12.766,0.0667,15,0.3191,7,0.1489,0,0,7,89,0
2025,15,Sauber,48,24,70.0,2.9167,14.4348,13.5208,1.0435,6,0.125,9,0.1875,1,0,9,70,0
2025,9,Red Bull,48,24,410.0,17.0833,8.6522,8.1042,0.4348,29,0.6042,3,0.0625,15,8,3,451,0
2025,3,Williams,48,24,124.0,5.1667,12.0217,11.6042,0.2174,19,0.3958,9,0.1875,2,0,5,137,0
2025,210,Haas F1 Team,48,24,73.0,3.0417,14.6087,12.1458,2.6739,9,0.1875,4,0.0833,0,0,8,79,0
2025,214,Alpine F1 Team,48,24,20.0,0.8333,14.8043,15.3542,-0.5652,10,0.2083,6,0.125,0,0,10,22,0
2025,1,McLaren,48,24,775.0,32.2917,3.0435,4.2292,-1.2391,45,0.9375,5,0.1042,34,14,1,833,1
2025,131,Mercedes,48,24,424.0,17.6667,6.6522,7.1875,-0.6087,39,0.8125,4,0.0833,12,2,2,469,0
2025,215,RB F1 Team,48,24,88.0,3.6667,10.6304,12.3125,-1.6304,26,0.5417,7,0.1458,1,0,6,92,0
2026,6,Ferrari,6,3,77.0,25.6667,4.6667,3.8333,0.8333,6,1.0,0,0.0,3,0,2,90,0
2026,117,Aston Martin,6,3,0.0,0.0,20.0,18.1667,1.8333,0,0.0,4,0.6667,0,0,11,0,0
2026,217,Audi,6,3,2.0,0.6667,11.6667,14.5,-2.8333,1,0.1667,2,0.3333,0,0,8,2,0
2026,216,Cadillac,6,3,0.0,0.0,19.3333,16.5,2.8333,0,0.0,1,0.1667,0,0,10,0,0
2026,9,Red Bull,6,3,16.0,5.3333,9.8333,11.6667,-1.8333,4,0.6667,2,0.3333,0,0,6,16,0
2026,3,Williams,6,3,2.0,0.6667,18.0,15.5,2.5,0,0.0,1,0.1667,0,0,9,2,0
2026,210,Haas F1 Team,6,3,17.0,5.6667,13.0,11.5,1.5,1,0.1667,1,0.1667,0,0,4,18,0
2026,214,Alpine F1 Team,6,3,16.0,5.3333,11.8333,10.5,1.3333,2,0.3333,0,0.0,0,0,5,16,0
2026,1,McLaren,6,3,38.0,12.6667,5.0,12.0,-7.0,6,1.0,3,0.5,1,0,3,46,1
2026,131,Mercedes,6,3,123.0,41.0,1.5,1.8333,-0.3333,6,1.0,0,0.0,5,3,1,135,0
2026,215,RB F1 Team,6,3,12.0,4.0,11.6667,10.5,1.1667,3,0.5,0,0.0,0,0,7,14,0
